Latitude,Longitude,Height (m),Time (s),Data Rate (kbpms),Time (s),Packet Interval (ms),Packet Length (bytes),OSD.flyTime [s]
48.18183,11.613804,16.8,150,32.848,150.004967,10.269,1514,150
48.18183,11.613804,16.7,150.1,4.112,150.095163,0.031,171,150.1
48.18183,11.613804,16.6,150.2,5.656,150.209994,38.605,707,150.2
48.18183,11.613804,16.4,150.3,0.632,150.300545,2.246,79,150.3
48.18183,11.613804,16.3,150.4,5.472,150.40068,11.33,78,150.4
48.18183,11.613804,16.2,150.5,41.08,150.504151,39.998,1514,150.5
48.18183,11.613804,16.2,150.6,6.904,150.599431,10.945,76,150.6
48.18183,11.613804,16.1,150.7,4.248,150.709821,32.955,531,150.7
48.18183,11.613804,16,150.8,39.496,150.797447,40.708,1514,150.8
48.18183,11.613804,15.9,150.9,0,150.914361,31.183,531,150.9
48.18183,11.613804,15.8,151,61.144,151.004359,27.36,1514,151
48.18183,11.613804,15.7,151.1,0,151.089455,0.187,1312,151.1
48.18183,11.613804,15.6,151.2,0,151.213277,40.553,573,151.2
48.18183,11.613804,15.5,151.3,0,151.299961,0.038,646,151.3
48.18183,11.613804,15.4,151.4,0,151.414193,30.395,743,151.4
48.18183,11.613804,15.3,151.5,90.648,151.505303,35.17,1514,151.5
48.18183,11.613804,15.2,151.6,0,151.592737,0.022,901,151.6
48.181831,11.613804,15.2,151.7,1.184,151.700688,1.601,148,151.7
48.181831,11.613804,15.1,151.8,0,151.798852,0.197,1400,151.8
48.18183,11.613804,15,151.9,0,151.882602,0.021,177,151.9
48.18183,11.613804,14.9,152,12.112,152.008046,38.755,1514,152
48.18183,11.613804,14.8,152.1,0,152.090986,0.036,222,152.1
48.181831,11.613804,14.7,152.2,0,152.187004,12.045,91,152.2
48.181831,11.613804,14.6,152.3,0,152.298768,0.034,173,152.3
48.181831,11.613804,14.5,152.4,0,152.385437,2.222,91,152.4
48.181831,11.613804,14.4,152.5,0,152.511046,42.732,1514,152.5
48.181831,11.613804,14.3,152.6,0,152.591812,0.036,71,152.6
48.181831,11.613805,14.3,152.7,0,152.717808,41.989,1514,152.7
48.181831,11.613805,14.2,152.8,86.496,152.80327,40.075,1514,152.8
48.181831,11.613805,14.1,152.9,0,152.883237,0.039,235,152.9
48.181831,11.613805,14,153,86.896,152.994558,26.898,86,153
48.181831,11.613805,13.9,153.1,0,153.092944,0.037,180,153.1
48.181831,11.613805,13.8,153.2,0,153.188423,0.024,211,153.2
48.181831,11.613805,13.7,153.3,121.864,153.300046,0.557,1514,153.3
48.181831,11.613805,13.6,153.4,0,153.388175,0.022,313,153.4
48.181831,11.613805,13.5,153.5,0,153.510071,34.77,1514,153.5
48.181831,11.613804,13.4,153.6,0,153.594165,7.675,1514,153.6
48.181831,11.613805,13.3,153.7,0.728,153.701995,20.32,91,153.7
48.181831,11.613805,13.2,153.8,12.112,153.79936,19.229,76,153.8
48.181831,11.613805,13.1,153.9,0,153.891259,0.062,865,153.9
48.181831,11.613805,13,154,84.784,154.007889,34.71,1514,154
48.181831,11.613805,12.9,154.1,0,154.09353,0.164,640,154.1
48.181831,11.613805,12.8,154.2,0,154.19764,0.155,1078,154.2
48.181831,11.613805,12.7,154.3,91.008,154.299665,7.723,1514,154.3
48.181832,11.613805,12.6,154.4,0,154.385681,0.14,729,154.4
48.181831,11.613805,12.5,154.5,12.112,154.506638,37.675,1514,154.5
48.181831,11.613805,12.4,154.6,66.304,154.600084,0.274,1514,154.6
48.181831,11.613805,12.3,154.7,0,154.688818,0.036,723,154.7
48.181831,11.613805,12.3,154.8,89.704,154.799876,10.862,1514,154.8
48.181832,11.613805,12.2,154.9,0,154.895078,0.033,168,154.9
48.181832,11.613805,12.1,155,85.472,155.002122,17.908,86,155
48.181832,11.613805,12,155.1,122.656,155.098916,9.939,1514,155.1
48.181832,11.613805,11.9,155.2,0,155.212091,34.134,91,155.2
48.181832,11.613805,11.8,155.3,136.576,155.305058,29.805,1514,155.3
48.181832,11.613805,11.7,155.4,0,155.398588,8.04,79,155.4
48.181832,11.613805,11.6,155.5,12.112,155.493511,0.021,78,155.5
48.181832,11.613805,11.5,155.6,1.4,155.596893,0.036,183,155.6
48.181832,11.613805,11.4,155.7,0,155.71904,41.319,1514,155.7
48.181832,11.613805,11.3,155.8,102.912,155.796568,25.846,78,155.8
48.181832,11.613805,11.2,155.9,0.672,155.908889,22.446,84,155.9
48.181832,11.613805,11.1,156,49.08,156.001358,4.224,79,156
48.181832,11.613805,11,156.1,3.416,156.100372,4.963,82,156.1
48.181832,11.613805,10.9,156.2,0,156.219186,41.525,1514,156.2
48.181832,11.613805,10.8,156.3,101.784,156.302554,38.815,1514,156.3
48.181832,11.613805,10.7,156.4,0.632,156.403834,16.729,79,156.4
48.181832,11.613805,10.6,156.5,13.36,156.495152,0.201,136,156.5
48.181832,11.613805,10.5,156.6,0,156.597122,0.035,322,156.6
48.181832,11.613805,10.4,156.7,0,156.680717,0.062,111,156.7
48.181832,11.613805,10.3,156.8,121.048,156.801622,12.314,1514,156.8
48.181833,11.613806,10.2,156.9,0,156.888652,0.018,837,156.9
48.181833,11.613806,10.1,157,0.608,157.002042,12.717,76,157
48.181833,11.613806,10,157.1,1.664,157.098512,0.191,1267,157.1
48.181833,11.613806,9.9,157.2,0,157.197525,12.469,91,157.2
48.181833,11.613806,9.8,157.3,140.92,157.302091,26.807,1514,157.3
48.181833,11.613806,9.7,157.4,0,157.388296,0.913,204,157.4
48.181833,11.613806,9.6,157.5,0,157.511648,41.59,1514,157.5
48.181833,11.613806,9.5,157.6,0,157.594239,0.037,276,157.6
48.181833,11.613806,9.5,157.7,0,157.718466,39.702,1514,157.7
48.181833,11.613806,9.4,157.8,51.656,157.802559,41.19,1514,157.8
48.181833,11.613806,9.3,157.9,0,157.886527,0.13,955,157.9
48.181833,11.613806,9.2,158,0,158.011476,41.391,1514,158
48.181833,11.613806,9.1,158.1,0,158.098448,0.041,137,158.1
48.181833,11.613806,9,158.2,0,158.219738,41.427,1514,158.2
48.181833,11.613806,8.9,158.3,69.336,158.303234,13.706,1514,158.3
48.181833,11.613806,8.8,158.4,0,158.386791,0.166,1412,158.4
48.181832,11.613805,8.7,158.5,0,158.511363,38.575,1514,158.5
48.181832,11.613805,8.6,158.6,0,158.596745,0.019,1366,158.6
48.181833,11.613806,8.5,158.7,0,158.679359,0.183,1352,158.7
48.181833,11.613806,8.4,158.8,12.784,158.803229,27.944,84,158.8
48.181833,11.613806,8.3,158.9,0,158.89004,0.413,897,158.9
48.181833,11.613806,8.2,159,0,159.011924,36.681,1514,159
48.181833,11.613806,8.1,159.1,0,159.099158,0.037,129,159.1
48.181833,11.613806,8,159.2,0,159.183471,0.06,487,159.2
48.181833,11.613806,7.9,159.3,77.824,159.303778,9.087,1514,159.3
48.181833,11.613806,7.8,159.4,0,159.388759,0.038,185,159.4
48.181833,11.613806,7.7,159.5,0,159.512972,39.674,1514,159.5
48.181833,11.613806,7.6,159.6,0,159.59779,0.025,277,159.6
48.181833,11.613805,7.5,159.7,0,159.697745,0.044,109,159.7
48.181833,11.613805,7.3,159.8,99.24,159.805011,32.69,1514,159.8
48.181833,11.613806,7.2,159.9,0,159.889263,0.319,116,159.9
48.181833,11.613806,7.1,160,0,159.989193,12.432,84,160
48.181833,11.613805,7,160.1,4.76,160.100176,0.532,595,160.1
48.181833,11.613805,7,160.2,0,160.18425,0.475,137,160.2
48.181833,11.613805,7,160.3,87.04,160.304996,27.43,1514,160.3
48.181833,11.613805,6.9,160.4,0,160.389574,0.083,654,160.4
48.181833,11.613805,6.9,160.5,0,160.514396,32.279,1514,160.5
48.181833,11.613805,6.9,160.6,0,160.598001,0.132,947,160.6
48.181833,11.613805,6.9,160.7,0,160.712015,25.825,84,160.7
48.181833,11.613805,7,160.8,156.592,160.804888,12.543,1514,160.8
48.181833,11.613805,7,160.9,0.928,160.898033,0.027,96,160.9
48.181833,11.613805,7,161,0.672,161.009016,28.526,84,161
48.181833,11.613805,7,161.1,47.632,161.099882,0.216,1514,161.1
48.181833,11.613805,7,161.2,0,161.192995,0.262,137,161.2
48.181833,11.613805,7.1,161.3,12.112,161.305458,22.672,1514,161.3
48.181833,11.613805,7.1,161.4,64.144,161.403356,12.652,1514,161.4
48.181833,11.613804,7.1,161.5,0,161.494802,0.021,1514,161.5
48.181833,11.613804,7.1,161.6,24.224,161.603568,85.287,1514,161.6
48.181833,11.613804,7.1,161.7,0,161.710808,95.904,1514,161.7
48.181833,11.613804,7.1,161.8,85.472,161.805701,16.186,1514,161.8
48.181833,11.613804,7.2,161.9,0,161.897822,0.055,232,161.9
48.181833,11.613804,7.2,162,0,161.987137,13.072,531,162
48.181833,11.613804,7.4,162.1,125.624,162.1,17.434,1514,162.1
48.181833,11.613804,7.5,162.2,0,162.214284,73.382,1078,162.2
48.181833,11.613803,7.7,162.3,0,162.289621,8.79,517,162.3
48.181833,11.613803,7.8,162.4,0,162.345633,56.012,1514,162.4
48.181833,11.613803,8,162.5,0,162.490807,0.536,620,162.5
48.181833,11.613803,8.2,162.6,0,162.61293,52.323,1078,162.6
48.181833,11.613803,8.4,162.7,0,162.693387,2.995,682,162.7
48.181833,11.613803,8.6,162.8,12.112,162.793786,24.208,557,162.8
48.181833,11.613804,8.8,162.9,0.608,162.899005,0.042,489,162.9
48.181833,11.613803,9,163,0,163.013343,62.979,1514,163
48.181833,11.613804,9.3,163.1,0,163.095829,28.243,472,163.1
48.181833,11.613804,9.5,163.2,0,163.196657,13.68,574,163.2
48.181833,11.613804,9.7,163.3,12.112,163.29708,17.537,482,163.3
48.181833,11.613804,9.8,163.4,60.184,163.406399,53.842,1078,163.4
48.181833,11.613804,10,163.5,0,163.498476,15.182,633,163.5
48.181833,11.613804,10,163.6,17.816,163.603074,21.995,1514,163.6
48.181832,11.613804,10.1,163.7,57.384,163.700786,4.162,1514,163.7
48.181832,11.613805,10.1,163.8,0,163.769556,0.254,84,163.8
48.181832,11.613805,10.1,163.9,0,163.853461,0.053,283,163.9
48.181832,11.613805,10.1,164,205.152,164.000099,0.628,1514,164
48.181832,11.613805,10.1,164.1,0,164.115388,43.932,1514,164.1
48.181832,11.613805,10.1,164.2,5.8,164.202872,17.925,725,164.2
48.181833,11.613806,10.2,164.3,0,164.35142,148.548,1514,164.3
48.181833,11.613806,10.2,164.4,107.112,164.402629,6.641,1514,164.4
48.181833,11.613806,10.3,164.5,0,164.432823,26.757,84,164.5
48.181833,11.613806,10.4,164.6,0,164.584674,151.851,1514,164.6
48.181833,11.613806,10.4,164.7,0,164.670654,0.466,1514,164.7
48.181833,11.613806,10.4,164.8,59.752,164.806472,135.818,1514,164.8
48.181833,11.613806,10.4,164.9,0,164.894196,0.056,911,164.9
48.181833,11.613806,10.4,165,0,165.035176,140.98,531,165
48.181833,11.613805,10.3,165.1,36.808,165.100105,11.084,1514,165.1
48.181833,11.613805,10.3,165.2,0,165.266336,157.638,1514,165.2
48.181834,11.613805,10.3,165.3,34.976,165.300595,11.464,86,165.3
48.181834,11.613805,10.3,165.4,0,165.352898,0.072,929,165.4
48.181834,11.613805,10.3,165.5,68.376,165.501188,4.137,1514,165.5
48.181834,11.613805,10.3,165.6,0,165.559828,0.616,1410,165.6
48.181834,11.613805,10.3,165.7,0,165.730013,170.185,975,165.7
48.181835,11.613805,10.3,165.8,0,165.813598,38.036,1514,165.8
48.181835,11.613804,10.3,165.9,0,165.956401,141.527,1514,165.9
48.181835,11.613804,10.3,166,0,166.011698,50.446,84,166
48.181835,11.613804,10.3,166.1,0,166.049172,12.304,116,166.1
48.181836,11.613804,10.3,166.2,0.672,166.19759,0.046,261,166.2
48.181836,11.613804,10.3,166.3,0,166.27036,1.736,1078,166.3
48.181837,11.613804,10.3,166.4,0,166.417465,147.105,85,166.4
48.181837,11.613804,10.3,166.5,0,166.477882,0.029,394,166.5
48.181838,11.613805,10.3,166.6,0,166.645466,167.584,1514,166.6
48.181838,11.613805,10.3,166.7,0,166.689357,0.026,1175,166.7
48.181838,11.613805,10.4,166.8,0,166.728936,0.225,1093,166.8
48.181838,11.613804,10.4,166.9,0,166.897675,0.071,1214,166.9
48.181838,11.613804,10.5,167,0,166.945043,1.449,108,167
48.181838,11.613804,10.7,167.1,12.112,167.108712,163.669,1514,167.1
48.181838,11.613804,10.9,167.2,0,167.19209,0.023,84,167.2
48.181838,11.613804,11.1,167.3,0,167.335657,143.567,975,167.3
48.181838,11.613804,11.3,167.4,0,167.395458,0.429,1514,167.4
48.181838,11.613804,11.5,167.5,0,167.568007,138.736,1514,167.5
48.181838,11.613804,11.7,167.6,32.24,167.602632,20.861,1514,167.6
48.181838,11.613804,11.9,167.7,0,167.687332,0.393,1201,167.7
48.181838,11.613804,12,167.8,0,167.810712,26.471,1514,167.8
48.181838,11.613804,12.1,167.9,0.672,167.896866,1.325,1297,167.9
48.181838,11.613805,12.2,168,0,168.014563,35.228,91,168
48.181838,11.613805,12.2,168.1,51.224,168.103126,9.291,1514,168.1
48.181838,11.613806,12.2,168.2,0.672,168.209043,19.854,84,168.2
48.181838,11.613806,12.1,168.3,0,168.294139,0.225,79,168.3
48.181838,11.613806,12,168.4,1.752,168.400796,4.179,82,168.4
48.181838,11.613806,11.8,168.5,0,168.496609,15.967,76,168.5
48.181838,11.613806,11.7,168.6,84.744,168.603515,32.732,1514,168.6
48.181839,11.613806,11.6,168.7,0,168.699235,9.88,79,168.7
48.181839,11.613806,11.5,168.8,1.248,168.798893,0.045,144,168.8
48.181839,11.613807,11.4,168.9,0,168.897102,0.041,122,168.9
48.181839,11.613807,11.3,169,0,168.986603,0.019,755,169
48.181839,11.613806,11.2,169.1,87.176,169.103963,37.157,1514,169.1
48.181839,11.613806,11.1,169.2,0,169.189841,0.165,1146,169.2
48.181839,11.613806,11,169.3,0.608,169.303574,29.825,76,169.3
48.181839,11.613806,10.9,169.4,1.664,169.398666,0.043,208,169.4
48.181839,11.613806,10.9,169.5,0.68,169.502942,11.049,85,169.5
48.18184,11.613806,10.8,169.6,86.04,169.604154,14.706,1514,169.6
48.181839,11.613807,10.7,169.7,0,169.689615,0.068,131,169.7
48.18184,11.613806,10.6,169.8,0,169.812892,39.415,1514,169.8
48.18184,11.613806,10.5,169.9,0,169.897525,0.214,397,169.9
48.18184,11.613806,10.4,170,0,169.980674,0.177,1435,170
48.18184,11.613806,10.3,170.1,81.528,170.107416,37.831,1514,170.1
48.18184,11.613806,10.3,170.2,0,170.189962,0.154,1021,170.2
48.18184,11.613806,10.2,170.3,0,170.31389,40.855,1514,170.3
48.18184,11.613806,10.2,170.4,53.776,170.399953,0.251,1514,170.4
48.181839,11.613806,10.2,170.5,0,170.48221,0.224,1509,170.5
48.181839,11.613806,10.1,170.6,77.16,170.605222,35.75,1514,170.6
48.181839,11.613805,10.2,170.7,0,170.691639,0.21,1464,170.7
48.181839,11.613805,10.2,170.8,0,170.814534,41.505,1514,170.8
48.181839,11.613805,10.2,170.9,88.976,170.899006,27.628,1514,170.9
48.181839,11.613805,10.2,171,0,170.982797,0.215,1437,171
48.181839,11.613805,10.2,171.1,102.304,171.10599,39.753,1514,171.1
48.181839,11.613805,10.2,171.2,0,171.191847,0.021,116,171.2
48.181839,11.613805,10.2,171.3,0,171.290154,15.924,84,171.3
48.181839,11.613805,10.2,171.4,52.56,171.40015,0.349,1514,171.4
48.181839,11.613805,10.2,171.5,0.632,171.509205,24.765,79,171.5
48.181839,11.613805,10.2,171.6,100.88,171.605799,23.849,1514,171.6
48.181839,11.613806,10.2,171.7,0,171.693094,0.035,1141,171.7
48.181838,11.613807,10.2,171.8,0,171.814417,36.896,1514,171.8
48.181838,11.613808,10.2,171.9,0,171.89999,0.156,1128,171.9
48.181838,11.613808,10.2,172,141.848,172.004893,15.838,975,172
48.181838,11.613809,10.2,172.1,48.448,172.108534,34.202,1514,172.1
48.181838,11.61381,10.2,172.2,0,172.19646,0.038,350,172.2
48.181838,11.613812,10.2,172.3,0,172.289039,12.793,84,172.3
48.181837,11.613813,10.2,172.4,59.496,172.399485,13.278,1514,172.4
48.181837,11.613814,10.2,172.5,0,172.489231,0.032,137,172.5
48.181837,11.613816,10.2,172.6,58.056,172.606598,37.353,1514,172.6
48.181836,11.613817,10.2,172.7,0,172.691311,0.13,1007,172.7
48.181836,11.613819,10.2,172.8,0,172.796464,20.377,79,172.8
48.181836,11.61382,10.2,172.9,43.896,172.900029,0.248,1514,172.9
48.181836,11.613822,10.2,173,0.672,173.009115,19.777,84,173
48.181835,11.613823,10.2,173.1,62.88,173.10724,31.137,1514,173.1
48.181835,11.613825,10.2,173.2,0.928,173.197982,2.977,78,173.2
48.181834,11.613827,10.2,173.3,0,173.316239,34.981,1514,173.3
48.181834,11.613829,10.2,173.4,75.512,173.399895,0.707,1514,173.4
48.181834,11.613831,10.2,173.5,1.752,173.500738,11.694,82,173.5
48.181833,11.613833,10.2,173.6,46.8,173.602907,32.552,975,173.6
48.181833,11.613835,10.2,173.7,0.688,173.692755,0.041,117,173.7
48.181832,11.613837,10.2,173.8,0.632,173.806242,30.055,79,173.8
48.181832,11.613839,10.2,173.9,12.112,173.900825,21.196,1514,173.9
48.181832,11.613841,10.2,174,0,173.988192,0.12,561,174
48.181831,11.613844,10.2,174.1,12.112,174.108119,35.803,1514,174.1
48.18183,11.613846,10.2,174.2,0,174.194546,0.438,459,174.2
48.181829,11.613849,10.2,174.3,0,174.318687,38.165,1514,174.3
48.181829,11.613851,10.2,174.4,67.112,174.400169,26.033,1514,174.4
48.181828,11.613854,10.3,174.5,1.664,174.509833,21.997,208,174.5
48.181828,11.613856,10.3,174.6,12.112,174.609517,32.731,1514,174.6
48.181827,11.613858,10.3,174.7,0,174.699852,0.512,975,174.7
48.181826,11.613861,10.3,174.8,0,174.789668,11.937,1078,174.8
48.181825,11.613863,10.3,174.9,80.112,174.901698,24.237,1514,174.9
48.181825,11.613866,10.3,175,0,174.986275,0.48,1078,175
48.181824,11.613869,10.3,175.1,48.448,175.108832,30.04,1514,175.1
48.181823,11.613871,10.3,175.2,0,175.199778,0.022,350,175.2
48.181823,11.613874,10.2,175.3,0,175.318337,38.32,1514,175.3
48.181821,11.613879,10.3,175.5,0,175.485675,0.036,178,175.5
48.18182,11.613882,10.2,175.6,0,175.611089,28.438,1514,175.6
48.181818,11.613891,10.3,175.9,0,175.871172,30.112,1514,175.9
48.181817,11.613893,10.3,176,0,175.976183,0.036,1514,176
48.181817,11.613896,10.3,176.1,0,176.142056,92.559,1514,176.1
48.181816,11.613899,10.3,176.2,0,176.193868,0.537,1290,176.2
48.181815,11.613902,10.3,176.3,0,176.28696,1.936,556,176.3
48.181814,11.613905,10.3,176.4,32.912,176.403424,11.603,1514,176.4
48.181814,11.613908,10.4,176.5,0,176.491988,0.142,620,176.5
48.181813,11.613911,10.4,176.6,0,176.58904,12.847,937,176.6
48.181812,11.613914,10.4,176.7,19.88,176.702602,6.918,1514,176.7
48.181812,11.613917,10.4,176.8,0,176.793353,0.399,540,176.8
48.181811,11.61392,10.4,176.9,33.792,176.906726,15.258,1514,176.9
48.18181,11.613923,10.4,177,0,176.99442,6.085,709,177
48.18181,11.613925,10.4,177.1,0,177.092042,3,655,177.1
48.181809,11.613928,10.3,177.2,51.248,177.201624,8.338,1514,177.2
48.181809,11.613929,10.3,177.3,0,177.29336,13.695,499,177.3
48.181809,11.61393,10.3,177.4,69.576,177.404361,8.849,1514,177.4
48.181808,11.613931,10.3,177.5,0,177.494816,3.776,637,177.5
48.181808,11.613932,10.3,177.6,0,177.595673,5.731,696,177.6
48.181808,11.613932,10.3,177.7,0,177.694875,22.489,1514,177.7
48.181807,11.613932,10.3,177.8,0,177.796494,6.561,732,177.8
48.181807,11.613932,10.4,177.9,195.392,177.902737,11.838,975,177.9
48.181807,11.613932,10.3,178,84.344,178.001944,12.916,1514,178
48.181807,11.613932,10.3,178.1,0.672,178.098703,14.711,655,178.1
48.181807,11.613932,10.3,178.2,39.944,178.203361,7.678,1514,178.2
48.181807,11.613932,10.3,178.3,5.16,178.299749,3.236,78,178.3
48.181807,11.613931,10.3,178.4,4.976,178.401739,22.84,76,178.4
48.181807,11.613932,10.3,178.5,5.152,178.49878,1.578,257,178.5
48.181807,11.613932,10.3,178.6,10.568,178.604494,24.972,894,178.6
48.181807,11.613932,10.3,178.7,17.056,178.69981,0.846,1514,178.7
48.181807,11.613932,10.3,178.8,4.264,178.804112,18.576,533,178.8
48.181807,11.613932,10.3,178.9,87.776,178.904666,36.029,1514,178.9
48.181807,11.613932,10.3,179,6.28,179.008757,18.054,707,179
48.181807,11.613932,10.3,179.1,5.256,179.106265,30.683,657,179.1
48.181807,11.613932,10.3,179.2,4.256,179.199681,0.017,363,179.2
48.181807,11.613932,10.3,179.3,4.376,179.306976,24.491,547,179.3
48.181807,11.613932,10.3,179.4,60.56,179.40754,32.022,1514,179.4
48.181807,11.613932,10.3,179.5,0,179.488503,18.618,975,179.5
48.181808,11.613932,10.3,179.6,0.728,179.604819,20.161,91,179.6
48.181807,11.613932,10.3,179.7,98.896,179.698591,0.333,1514,179.7
48.181808,11.613932,10.3,179.8,142.744,179.801062,15.764,1514,179.8
48.181808,11.613932,10.3,179.9,57.248,179.906111,18.171,1514,179.9
48.181808,11.613933,10.2,180,1.296,180.005457,13.912,76,180
48.181808,11.613933,10.2,180.1,0,180.119138,47.349,680,180.1
48.181809,11.613933,10.2,180.2,50.64,180.201299,32.15,1514,180.2
48.181809,11.613934,10.2,180.3,0,180.290677,0.026,91,180.3
48.18181,11.613934,10.2,180.4,36.336,180.408057,27.493,1514,180.4
48.181811,11.613935,10.2,180.5,39,180.502217,8.993,1514,180.5
48.181811,11.613935,10.2,180.6,0,180.614429,39.15,1514,180.6
48.181812,11.613936,10.2,180.7,32.72,180.698653,33.08,1514,180.7
48.181813,11.613937,10.2,180.8,0,180.782635,0.036,103,180.8
48.181814,11.613938,10.2,180.9,42.632,180.906313,34.271,1514,180.9
48.181814,11.613939,10.2,181,0,180.996875,0.036,331,181
48.181816,11.613939,10.2,181.1,102.808,181.100504,2.871,975,181.1
48.181817,11.61394,10.2,181.2,12.112,181.201237,8.972,1514,181.2
48.181818,11.613941,10.2,181.3,0,181.283976,0.1,570,181.3
48.181819,11.613942,10.2,181.4,12.112,181.406246,16.555,1514,181.4
48.18182,11.613943,10.2,181.5,0,181.493226,0.193,1159,181.5
48.181821,11.613944,10.2,181.6,0.608,181.602072,17.67,76,181.6
48.181822,11.613945,10.2,181.7,24.224,181.704478,25.432,1514,181.7
48.181823,11.613947,10.2,181.8,0,181.797198,0.022,1078,181.8
48.181824,11.613948,10.3,181.9,12.84,181.905972,38.311,91,181.9
48.181826,11.61395,10.3,182,0,181.992029,0.034,119,182
48.181827,11.613951,10.3,182.1,0,182.084593,0.178,78,182.1
48.181828,11.613952,10.3,182.2,89.16,182.200269,0.645,1514,182.2
48.18183,11.613954,10.3,182.3,0,182.293997,0.017,365,182.3
48.181831,11.613955,10.3,182.4,0.624,182.406715,32.01,78,182.4
48.181832,11.613956,10.3,182.5,0.672,182.493553,0.068,993,182.5
48.181834,11.613958,10.3,182.6,0,182.599436,2.557,79,182.6
48.181835,11.613959,10.3,182.7,198.352,182.702222,12.51,1514,182.7
48.181837,11.613961,10.3,182.8,0,182.787552,0.599,1343,182.8
48.181839,11.613962,10.3,182.9,12.112,182.907936,22.53,1514,182.9
48.18184,11.613964,10.3,183,0,182.998401,0.039,821,183
48.181842,11.613965,10.3,183.1,0,183.111942,27.192,1514,183.1
48.181843,11.613967,10.3,183.2,12.112,183.200255,1.309,1514,183.2
48.181845,11.613968,10.3,183.3,0,183.28737,0.111,503,183.3
48.181847,11.61397,10.3,183.4,60.56,183.408005,23.722,1514,183.4
48.181848,11.613972,10.3,183.5,12.112,183.501051,38.217,1514,183.5
48.18185,11.613974,10.3,183.6,238.104,183.600738,31.975,1514,183.6
48.181852,11.613975,10.3,183.7,15.984,183.699466,39.027,1514,183.7
48.181853,11.613977,10.3,183.8,0,183.785465,0.262,1261,183.8
48.181855,11.613979,10.3,183.9,12.112,183.909883,41.971,1514,183.9
48.181857,11.61398,10.3,184,17.472,183.997216,19.398,1514,184
48.181858,11.613982,10.3,184.1,0,184.083822,5.99,1078,184.1
48.18186,11.613984,10.3,184.2,49.128,184.200851,37.891,1514,184.2
48.181861,11.613986,10.3,184.3,55.776,184.299239,0.073,975,184.3
48.181863,11.613988,10.3,184.4,0,184.385744,8.054,1078,184.4
48.181865,11.61399,10.3,184.5,0,184.497503,0.084,740,184.5
48.181867,11.613992,10.3,184.6,0,184.582037,0.022,680,184.6
48.181868,11.613993,10.3,184.7,65.736,184.703968,24.627,1514,184.7
48.18187,11.613995,10.3,184.8,0,184.795058,0.185,1395,184.8
48.181872,11.613997,10.3,184.9,0,184.910106,29.543,1514,184.9
48.181874,11.613999,10.3,185,71.952,185.005307,12.289,1514,185
48.181875,11.614001,10.3,185.1,52.664,185.10008,0.333,1514,185.1
48.181877,11.614003,10.3,185.2,109.008,185.204761,22.272,1514,185.2
48.181879,11.614005,10.3,185.3,0,185.289971,0.298,424,185.3
48.181881,11.614007,10.3,185.4,0,185.398201,0.251,1078,185.4
48.181883,11.614009,10.3,185.5,0,185.494053,18.173,1514,185.5
48.181885,11.614011,10.3,185.6,0,185.582979,0.208,1458,185.6
48.181887,11.614013,10.3,185.7,86.096,185.702746,35.498,1514,185.7
48.181888,11.614015,10.3,185.8,0,185.795539,0.068,350,185.8
48.18189,11.614017,10.3,185.9,0,185.8987,12.104,975,185.9
48.181892,11.614019,10.3,186,48.968,186.001501,3.736,1514,186
48.181894,11.614021,10.3,186.1,0,186.094133,0.053,1460,186.1
48.181896,11.614023,10.3,186.2,24.224,186.204983,25.307,1514,186.2
48.181898,11.614025,10.3,186.3,59.904,186.300132,0.598,1514,186.3
48.1819,11.614027,10.3,186.4,0.608,186.407167,16.495,76,186.4
48.181902,11.61403,10.3,186.5,66.928,186.499802,0.086,1514,186.5
48.181904,11.614032,10.3,186.6,0,186.589425,1.055,84,186.6
48.181906,11.614034,10.3,186.7,36.336,186.704044,28.132,1514,186.7
48.181908,11.614036,10.3,186.8,0,186.792634,0.43,997,186.8
48.18191,11.614038,10.3,186.9,0,186.911664,34.428,1514,186.9
48.181912,11.61404,10.3,187,0,186.999942,25.014,1514,187
48.181913,11.614042,10.3,187.1,0,187.0896,0.029,79,187.1
48.181915,11.614044,10.3,187.2,48.448,187.20457,21.26,1514,187.2
48.181917,11.614047,10.3,187.3,0,187.293656,0.068,267,187.3
48.181919,11.614049,10.3,187.4,0,187.413742,29.754,1514,187.4
48.181921,11.614051,10.3,187.5,137.408,187.502137,6.559,975,187.5
48.181923,11.614053,10.3,187.6,0.672,187.594491,0.353,1078,187.6
48.181925,11.614055,10.3,187.7,24.224,187.699359,0.59,79,187.7
48.181927,11.614057,10.3,187.8,0,187.79951,0.518,137,187.8
48.181929,11.614059,10.3,187.9,0,187.912897,29.393,1514,187.9
48.181931,11.614061,10.3,188,24.224,187.999596,29.897,1514,188
48.181933,11.614064,10.3,188.1,27.168,188.09884,0.487,1514,188.1
48.181935,11.614066,10.3,188.2,60.56,188.204469,14.328,1514,188.2
48.181937,11.614068,10.2,188.3,0,188.293445,0.085,687,188.3
48.181939,11.61407,10.3,188.4,0,188.415102,37.917,1514,188.4
48.181941,11.614073,10.3,188.5,64.232,188.500121,0.497,1514,188.5
48.181943,11.614075,10.3,188.6,0,188.598492,0.885,883,188.6
48.181945,11.614077,10.3,188.7,24.224,188.697008,0.029,707,188.7
48.181947,11.614079,10.3,188.8,0,188.799457,0.658,1514,188.8
48.181949,11.614081,10.3,188.9,24.224,188.904434,11.683,1514,188.9
48.181951,11.614084,10.3,189,49.76,189.00029,3.615,1514,189
48.181953,11.614086,10.3,189.1,24.224,189.104661,13.45,1514,189.1
48.181955,11.614088,10.3,189.2,21.504,189.199799,1.66,975,189.2
48.181957,11.61409,10.3,189.3,12.112,189.300902,11.94,1514,189.3
48.181959,11.614092,10.3,189.4,0,189.354435,1.853,1514,189.4
48.181963,11.614097,10.3,189.6,0,189.354435,1.853,1514,189.6
48.181966,11.6141,10.3,189.7,0,189.354435,1.853,1514,189.7
48.181968,11.614101,10.3,189.8,0,190.046034,691.599,1514,189.8
48.181969,11.614103,10.3,189.9,0,190.046034,691.599,1514,189.9
48.181971,11.614105,10.3,190,0,190.046034,691.599,1514,190
48.181972,11.614106,10.3,190.1,0,190.145973,99.763,1514,190.1
48.181973,11.614107,10.3,190.2,0,190.199638,4.165,735,190.2
48.181974,11.614109,10.2,190.3,12.112,190.303342,7.367,1514,190.3
48.181976,11.61411,10.2,190.4,12.112,190.399158,7.457,1514,190.4
48.181977,11.614112,10.2,190.5,15.6,190.500772,5.344,975,190.5
48.181979,11.614113,10.2,190.6,12.112,190.599198,6.688,1410,190.6
48.18198,11.614115,10.1,190.7,31.76,190.701403,3.641,1514,190.7
48.181982,11.614117,10.1,190.8,0,190.788308,71.312,514,190.8
48.181983,11.614119,10.1,190.9,0,190.889081,2.937,561,190.9
48.181985,11.61412,10.1,191,25.624,191.00014,1.058,1514,191
48.181987,11.614122,10.1,191.1,0,191.091192,5.552,489,191.1
48.181988,11.614124,10.1,191.2,0,191.192099,0.196,79,191.2
48.18199,11.614125,10.2,191.3,0,191.299451,0.026,524,191.3
48.181992,11.614127,10.1,191.4,0,191.393729,0.248,934,191.4
48.181993,11.614129,10.2,191.5,60.56,191.498512,4.805,84,191.5
48.181995,11.614131,10.2,191.6,12.08,191.600025,0.677,698,191.6
48.181997,11.614133,10.2,191.7,60.752,191.700072,0.425,975,191.7
48.181998,11.614134,10.1,191.8,0,191.799143,0.329,732,191.8
48.182,11.614136,10.2,191.9,0,191.896744,2.49,520,191.9
48.182001,11.614138,10.2,192,54.632,192.000246,3.07,1514,192
48.182003,11.61414,10.2,192.1,0,192.098145,8.996,489,192.1
48.182005,11.614142,10.2,192.2,12.112,192.199598,10.893,732,192.2
48.182006,11.614144,10.2,192.3,24.224,192.299658,0.064,1514,192.3
48.182008,11.614146,10.2,192.4,54.648,192.404906,12.798,1514,192.4
48.18201,11.614147,10.2,192.5,0,192.496025,0.98,1514,192.5
48.182011,11.614149,10.2,192.6,24.224,192.60095,4.16,1514,192.6
48.182013,11.614151,10.2,192.7,4.056,192.702883,10.258,507,192.7
48.182015,11.614153,10.2,192.8,8.664,192.801308,24.498,1083,192.8
48.182016,11.614155,10.2,192.9,15.6,192.901769,16.187,975,192.9
48.182018,11.614156,10.2,193,12.112,192.999668,3.999,1514,193
48.18202,11.614158,10.2,193.1,12.696,193.094606,27.791,1514,193.1
48.182022,11.61416,10.2,193.2,0,193.199345,8.999,1514,193.2
48.182024,11.614162,10.2,193.3,0,193.365966,166.621,1514,193.3
48.182025,11.614164,10.2,193.4,0,193.366079,0.027,1514,193.4
48.182027,11.614166,10.2,193.5,0,193.46595,99.871,1514,193.5
48.182029,11.614168,10.2,193.6,0,193.62597,160.02,1514,193.6
48.182031,11.61417,10.2,193.7,0,193.755971,129.933,572,193.7
48.182033,11.614172,10.2,193.8,0,193.756109,0.025,208,193.8
48.182041,11.614181,10.3,194.2,12.112,194.201238,9.996,1514,194.2
48.182043,11.614183,10.3,194.3,16.232,194.302683,7.077,515,194.3
48.182046,11.614187,10.3,194.5,9.304,194.49731,6.253,654,194.5
48.182048,11.61419,10.3,194.6,9.296,194.608787,19.521,1078,194.6
48.18205,11.614192,10.3,194.7,0,194.693133,2.703,777,194.7
48.182052,11.614194,10.3,194.8,0,194.797911,21.818,1514,194.8
48.182054,11.614196,10.3,194.9,0,194.89944,0.063,1514,194.9
48.182056,11.614198,10.3,195,35.272,194.998849,0.069,79,195
48.182058,11.614201,10.2,195.1,0,195.089069,2.11,116,195.1
48.18206,11.614203,10.2,195.2,0,195.214474,37.631,1514,195.2
48.182062,11.614205,10.2,195.3,0,195.298281,8.666,82,195.3
48.182064,11.614208,10.2,195.4,0,195.379216,0.375,1135,195.4
48.182066,11.61421,10.2,195.5,34.016,195.503425,13.395,1514,195.5
48.182068,11.614212,10.3,195.6,0,195.586952,0.166,1152,195.6
48.18207,11.614214,10.3,195.7,0,195.710857,37.912,1514,195.7
48.182072,11.614217,10.3,195.8,40.04,195.797027,7.823,1514,195.8
48.182074,11.614219,10.3,195.9,0,195.883924,0.116,396,195.9
48.182076,11.614221,10.3,196,49.52,196.004466,17.807,1514,196
48.182077,11.614223,10.3,196.1,0,196.091194,0.135,430,196.1
48.182079,11.614224,10.3,196.2,0,196.210686,36.946,1514,196.2
48.182079,11.614226,10.3,196.3,0,196.29791,0.277,924,196.3
48.18208,11.614227,10.3,196.4,54.6,196.397278,12.406,91,196.4
48.18208,11.614227,10.3,196.5,12.112,196.508284,18.149,1514,196.5
48.18208,11.614228,10.3,196.6,77.8,196.600686,14.199,1514,196.6
48.182081,11.614229,10.3,196.7,0.728,196.707105,17.985,91,196.7
48.182081,11.61423,10.3,196.8,0,196.795622,0.101,681,196.8
48.182081,11.61423,10.2,196.9,0.608,196.907618,21.352,76,196.9
48.182081,11.61423,10.2,197,84.392,197.004006,14.933,1514,197
48.18208,11.61423,10.2,197.2,0,197.211835,39.284,1514,197.2
48.18208,11.61423,10.1,197.3,0,197.29766,0.021,218,197.3
48.18208,11.61423,10.1,197.4,48.448,197.401531,22.44,1514,197.4
48.18208,11.61423,10.1,197.5,0,197.438582,15.854,825,197.5
48.182079,11.61423,10.1,197.6,215.304,197.601032,8.093,1514,197.6
48.18208,11.61423,10.1,197.7,1.552,197.702793,19.457,78,197.7
48.182079,11.61423,10.1,197.8,0,197.766715,7.048,1514,197.8
48.182079,11.614231,10.1,197.9,20.016,197.891724,0.065,1514,197.9
48.182079,11.614231,10.1,198,15.6,198.003988,31.338,975,198
48.182079,11.614231,10.2,198.1,20.72,198.098245,3.219,975,198.1
48.182079,11.614231,10.3,198.2,0,198.214163,33.903,1514,198.2
48.182079,11.614231,10.4,198.3,0.632,198.299498,0.691,834,198.3
48.182079,11.614231,10.5,198.4,0,198.410804,29.048,78,198.4
48.182079,11.61423,10.7,198.5,66.4,198.506784,37.605,1514,198.5
48.182079,11.61423,10.9,198.6,0,198.591296,0.133,844,198.6
48.182079,11.61423,11.2,198.7,0,198.715594,38.708,1514,198.7
48.182079,11.61423,11.3,198.8,0,198.798094,0.085,315,198.8
48.182079,11.61423,11.6,198.9,0,198.915243,32.017,79,198.9
48.182079,11.61423,11.8,199,53.704,199.006718,40.513,1514,199
48.18208,11.61423,12,199.1,0,199.092121,0.021,228,199.1
48.18208,11.61423,12.2,199.2,0,199.2175,37.659,1514,199.2
48.18208,11.614231,12.4,199.3,56.368,199.297782,28.41,1514,199.3
48.18208,11.614231,12.6,199.4,0,199.399789,9.573,864,199.4
48.18208,11.614231,12.8,199.5,69.944,199.505559,29.757,1514,199.5
48.18208,11.614231,13,199.6,62.072,199.60138,5.404,1514,199.6
48.18208,11.614231,13.1,199.7,0,199.716948,42.587,1514,199.7
48.18208,11.614231,13.4,199.8,62.696,199.799951,2.29,1514,199.8
48.18208,11.614231,13.6,199.9,0,199.882106,0.22,1380,199.9
48.18208,11.614231,13.8,200,12.112,200.008369,38.639,1514,200
48.18208,11.614231,14,200.1,0,200.092576,0.03,393,200.1
48.18208,11.614231,14.1,200.2,0,200.190283,0.03,273,200.2
48.18208,11.614231,14.3,200.3,60.56,200.303653,34.845,1514,200.3
48.18208,11.614231,14.5,200.4,0,200.398884,0.117,540,200.4
48.18208,11.614231,14.7,200.5,60.56,200.507801,37.933,1514,200.5
48.18208,11.614231,14.9,200.6,0,200.598817,0.112,555,200.6
48.18208,11.614231,15,200.7,0,200.69437,0.036,107,200.7
48.18208,11.614231,15.2,200.8,105.912,200.804752,35.549,1514,200.8
48.18208,11.614231,15.4,200.9,0,200.884167,0.025,215,200.9
48.18208,11.614231,15.6,201,99.384,201.006885,39.564,1514,201
48.18208,11.614231,15.8,201.1,0,201.093572,0.128,1113,201.1
48.18208,11.614231,16,201.2,0,201.215367,40.176,1514,201.2
48.18208,11.614231,16.2,201.3,58.568,201.299987,0.872,1514,201.3
48.18208,11.614231,16.4,201.4,0,201.387647,0.091,606,201.4
48.18208,11.614231,16.6,201.5,12.112,201.50735,26.948,1514,201.5
48.18208,11.614231,16.8,201.6,0,201.593924,0.102,657,201.6
48.18208,11.614231,17,201.7,0,201.71978,41.966,1514,201.7
48.18208,11.614231,17.2,201.8,74.272,201.800555,1.356,1514,201.8
48.18208,11.614231,17.4,201.9,0,201.890156,5.623,84,201.9
48.18208,11.614231,17.6,202,96.896,202.007911,22.129,1514,202
48.18208,11.614231,17.8,202.1,0,202.095827,0.037,331,202.1
48.18208,11.614231,17.9,202.2,0,202.216521,38.035,1514,202.2
48.18208,11.614231,18.1,202.3,131.712,202.30041,9.921,1514,202.3
48.18208,11.614231,18.3,202.4,0,202.387145,0.045,1109,202.4
48.18208,11.614231,18.5,202.5,12.112,202.508793,28.89,1514,202.5
48.18208,11.614231,18.7,202.6,0,202.597089,22.78,1514,202.6
48.18208,11.614231,18.9,202.7,0,202.690679,0.03,91,202.7
48.182079,11.614231,19.1,202.8,108.92,202.799607,10.478,76,202.8
48.182079,11.614231,19.3,202.9,0,202.891567,0.188,84,202.9
48.182079,11.614231,19.5,203,24.224,203.008928,22.704,1514,203
48.182079,11.614231,19.7,203.1,0,203.096079,0.064,1209,203.1
48.182079,11.614231,19.9,203.2,0,203.216923,38.517,1514,203.2
48.182079,11.614231,20.1,203.3,102.016,203.300916,24.669,1514,203.3
48.182079,11.614231,20.3,203.4,0,203.392157,5.526,79,203.4
48.182079,11.614231,20.5,203.5,0,203.492269,0.173,78,203.5
48.182079,11.614232,20.7,203.6,0,203.599719,0.017,396,203.6
48.182079,11.614232,20.9,203.7,0,203.694002,10.088,184,203.7
48.182079,11.614232,21.1,203.8,12.784,203.800266,1.087,84,203.8
48.182079,11.614232,21.3,203.9,163.152,203.903934,9.678,1514,203.9
48.182079,11.614232,21.5,204,13.376,204.001331,20.24,79,204
48.182079,11.614232,21.7,204.1,2.32,204.097086,0.049,584,204.1
48.182079,11.614232,21.9,204.2,0,204.187231,3.747,491,204.2
48.182079,11.614232,22.1,204.3,53.76,204.301098,18.276,1514,204.3
48.182079,11.614232,22.3,204.4,0.632,204.405468,19.523,79,204.4
48.182079,11.614232,22.5,204.5,0,204.492076,7.774,86,204.5
48.182079,11.614232,22.7,204.6,0,204.59517,0.036,107,204.6
48.182079,11.614232,22.9,204.7,0,204.685765,7.964,837,204.7
48.182078,11.614232,23.1,204.8,66.632,204.801897,15.412,1514,204.8
48.182078,11.614232,23.3,204.9,0,204.887775,0.027,509,204.9
48.182078,11.614232,23.5,205,5.416,205.000588,18.343,677,205
48.182078,11.614232,23.7,205.1,20.808,205.100177,0.429,1514,205.1
48.182078,11.614232,23.9,205.2,82.856,205.200527,22.004,1514,205.2
48.182078,11.614232,24.1,205.3,0,205.269562,10.871,1514,205.3
48.182078,11.614232,24.3,205.4,19.832,205.399867,0.894,1514,205.4
48.182078,11.614231,24.5,205.5,115.728,205.50048,2.177,975,205.5
48.182078,11.614231,24.7,205.6,33.144,205.600431,1.046,1514,205.6
48.182078,11.614232,24.9,205.7,0,205.693685,1.819,649,205.7
48.182078,11.614232,25.1,205.8,96.896,205.803467,8.891,1514,205.8
48.182078,11.614232,25.3,205.9,0,205.899948,0.196,520,205.9
48.182078,11.614232,25.4,206,0.608,206.002424,5.028,76,206
48.182078,11.614231,25.6,206.1,0,206.099744,0.925,489,206.1
48.182078,11.614231,25.7,206.2,0,206.196993,14.349,732,206.2
48.182078,11.614232,25.7,206.3,96.048,206.300471,11.532,530,206.3
48.182078,11.614232,25.8,206.4,0,206.39877,7.987,553,206.4
48.182078,11.614232,25.8,206.5,0.688,206.499376,23.207,637,206.5
48.182078,11.614232,25.8,206.6,0,206.554136,29.734,78,206.6
48.182078,11.614232,25.8,206.7,0,206.694011,0.327,888,206.7
48.182078,11.614232,25.8,206.8,17.568,206.803158,18.39,682,206.8
48.182078,11.614232,25.8,206.9,4.24,206.902653,8.844,530,206.9
48.182078,11.614232,25.7,207,5.664,207.003324,23.174,708,207
48.182078,11.614232,25.8,207.1,139.16,207.099846,0.687,975,207.1
48.182077,11.614232,25.7,207.2,4.12,207.204613,18.949,515,207.2
48.182077,11.614232,25.8,207.3,90.848,207.304325,9.853,1514,207.3
48.182077,11.614232,25.8,207.4,30.552,207.400032,0.473,1514,207.4
48.182077,11.614232,25.8,207.5,5.432,207.506635,14.454,679,207.5
48.182077,11.614232,25.8,207.6,96.896,207.596672,22.557,1514,207.6
48.182077,11.614232,25.8,207.7,4.384,207.695227,2.118,140,207.7
48.182077,11.614231,25.8,207.8,60.56,207.805588,26.136,1514,207.8
48.182076,11.614231,25.8,207.9,30.336,207.899958,0.468,1514,207.9
48.182076,11.614231,25.8,208,0,207.989114,2.872,84,208
48.182075,11.61423,25.8,208.1,75.272,208.099907,2.123,1514,208.1
48.182075,11.61423,25.9,208.2,0,208.1897,0.068,137,208.2
48.182074,11.614229,25.9,208.3,36.336,208.305316,37.252,1514,208.3
48.182073,11.614228,25.9,208.4,0,208.395788,0.054,115,208.4
48.182072,11.614228,25.9,208.5,0,208.493679,15.763,79,208.5
48.182071,11.614227,25.9,208.6,25.296,208.599977,1.18,1514,208.6
48.18207,11.614226,25.9,208.7,46.8,208.695206,0.326,975,208.7
48.182069,11.614225,25.9,208.8,12.112,208.809319,27.151,1514,208.8
48.182068,11.614224,25.9,208.9,0,208.894174,0.432,1309,208.9
48.182067,11.614223,25.8,209,0,209.015155,37.686,1514,209
48.182066,11.614222,25.8,209.1,61.432,209.099542,28.715,1514,209.1
48.182065,11.614221,25.8,209.2,0,209.192093,0.068,208,209.2
48.182064,11.61422,25.8,209.3,12.112,209.2979,50.446,1514,209.3
48.182063,11.614219,25.8,209.4,12.112,209.400028,0.459,1514,209.4
48.182062,11.614218,25.8,209.5,16.872,209.498441,0.445,1514,209.5
48.182059,11.614215,25.8,209.7,12.112,209.699278,0.404,1514,209.7
48.18206,11.614217,25.8,209.6,48.448,209.601141,7.454,1514,209.6
48.182058,11.614214,25.8,209.8,0,209.816796,40.116,1514,209.8
48.182056,11.614213,25.8,209.9,11.728,209.899732,0.59,1514,209.9
48.182055,11.614211,25.8,210,0,209.981347,0.028,1514,210
48.182053,11.61421,25.8,210.1,0,209.981347,0.028,1514,210.1
48.182052,11.614208,25.8,210.2,0,209.981347,0.028,1514,210.2
48.18205,11.614207,25.9,210.3,0,209.981347,0.028,1514,210.3
48.182049,11.614206,25.9,210.4,0,209.981347,0.028,1514,210.4
48.182048,11.614205,25.9,210.5,0,210.865969,884.622,1150,210.5
48.182047,11.614204,25.9,210.6,0,210.865969,884.622,1150,210.6
48.182047,11.614203,25.9,210.7,0,210.865969,884.622,1150,210.7
48.182043,11.614199,25.9,211,0,211.024275,58.009,1514,211
48.182042,11.614198,25.9,211.1,7.8,211.100288,2.478,975,211.1
48.182041,11.614196,25.9,211.2,24.224,211.201434,3.233,1514,211.2
48.18204,11.614195,25.8,211.3,0,211.299822,4.856,1514,211.3
48.182039,11.614193,25.8,211.4,49.2,211.402137,6.973,1514,211.4
48.182037,11.614192,25.8,211.5,33.456,211.50685,17.651,1514,211.5
48.182036,11.614191,25.8,211.6,47.376,211.60076,32.778,1078,211.6
48.182034,11.614189,25.8,211.7,0,211.68373,0.289,884,211.7
48.182033,11.614187,25.8,211.8,0,211.792535,19.812,1078,211.8
48.182032,11.614186,25.8,211.9,0,211.846124,53.589,1514,211.9
48.18203,11.614184,25.8,212,21.328,211.999742,0.498,1514,212
48.182029,11.614182,25.8,212.1,46.992,212.100686,30.334,1514,212.1
48.182027,11.614181,25.8,212.2,0,212.197225,0.024,1078,212.2
48.182026,11.614179,25.8,212.3,12.112,212.30814,35.654,1514,212.3
48.182024,11.614177,25.8,212.4,149.416,212.402922,16.501,975,212.4
48.182023,11.614176,25.8,212.5,0,212.480301,0.17,1495,212.5
48.182022,11.614174,25.8,212.6,12.112,212.600488,20.683,1514,212.6
48.18202,11.614172,25.8,212.7,0,212.684709,0.253,1242,212.7
48.182018,11.614171,25.8,212.8,0,212.811737,44.11,1514,212.8
48.182017,11.614169,25.8,212.9,54.6,212.89845,5.106,1479,212.9
48.182015,11.614167,25.8,213,0,212.989647,0.188,116,213
48.182013,11.614165,25.8,213.1,65.344,213.102671,9.383,1514,213.1
48.182011,11.614163,25.8,213.2,0,213.190064,0.028,79,213.2
48.18201,11.614162,25.8,213.3,12.112,213.309454,20.268,1514,213.3
48.182008,11.61416,25.8,213.4,0,213.398896,0.032,241,213.4
48.182005,11.614156,25.8,213.6,0,213.666089,167.253,975,213.6
48.182003,11.614154,25.8,213.7,0,213.666305,0.022,1514,213.7
48.182001,11.614153,25.7,213.8,74.456,213.800869,5.95,1514,213.8
48.182,11.61415,25.7,213.9,0,213.895836,0.031,1302,213.9
48.181998,11.614148,25.7,214,0,213.9929,15.857,78,214
48.181996,11.614147,25.7,214.1,44.888,214.104184,38.815,1514,214.1
48.181994,11.614145,25.7,214.2,1.264,214.200876,14.356,79,214.2
48.181993,11.614143,25.7,214.3,1.752,214.306801,17.211,82,214.3
48.181991,11.614141,25.7,214.4,12.112,214.408297,27.538,1514,214.4
48.181989,11.614139,25.7,214.5,0,214.484765,0.053,951,214.5
48.181987,11.614137,25.7,214.6,0,214.484765,0.053,951,214.6
48.181985,11.614135,25.7,214.7,0,214.732554,247.789,639,214.7
48.181983,11.614133,25.7,214.8,0,214.76218,0.058,975,214.8
48.181981,11.614131,25.7,214.9,32.816,214.906743,50.207,1514,214.9
48.181979,11.614129,25.7,215,0,214.986254,14.417,1514,215
48.181977,11.614126,25.7,215.1,12.112,215.098826,0.44,116,215.1
48.181975,11.614124,25.7,215.2,0,215.191587,2.121,1191,215.2
48.181974,11.614122,25.7,215.3,1.664,215.309377,33.679,208,215.3
48.181972,11.61412,25.7,215.4,0,215.395982,0.488,1270,215.4
48.18197,11.614118,25.7,215.5,0,215.481173,0.404,1260,215.5
48.181968,11.614116,25.7,215.6,31.064,215.604092,34.366,1514,215.6
48.181966,11.614114,25.7,215.7,0,215.695121,0.018,953,215.7
48.181964,11.614112,25.7,215.8,0,215.811694,29.752,1514,215.8
48.181962,11.61411,25.7,215.9,0,215.899006,0.094,633,215.9
48.18196,11.614108,25.7,216,0,215.980063,0.072,519,216
48.181958,11.614106,25.7,216.1,91.704,216.104142,32.765,1514,216.1
48.181956,11.614104,25.7,216.2,0,216.193606,0.135,951,216.2
48.181954,11.614102,25.7,216.3,0,216.311508,35.306,1514,216.3
48.181952,11.6141,25.7,216.4,0,216.397291,0.022,910,216.4
48.18195,11.614097,25.7,216.5,0,216.483112,0.042,489,216.5
48.181948,11.614095,25.7,216.6,77.728,216.604474,12.841,1514,216.6
48.181946,11.614093,25.7,216.7,0,216.689876,0.085,1270,216.7
48.181944,11.614091,25.7,216.8,0,216.814223,36.716,1514,216.8
48.181942,11.614089,25.7,216.9,59.672,216.897532,21.237,1514,216.9
48.18194,11.614087,25.7,217,0,216.985134,0.19,1442,217
48.181938,11.614085,25.7,217.1,0,217.096374,23.751,76,217.1
48.181936,11.614082,25.7,217.2,0,217.189873,0.035,193,217.2
48.181934,11.61408,25.7,217.3,0,217.31693,42.346,1514,217.3
48.181932,11.614078,25.7,217.4,109.664,217.401691,12.137,1514,217.4
48.18193,11.614076,25.7,217.5,0,217.485085,0.033,133,217.5
48.181928,11.614073,25.7,217.6,138.264,217.605485,25.538,1514,217.6
48.181926,11.614071,25.7,217.7,116.328,217.702326,13.527,1514,217.7
48.181924,11.614069,25.7,217.8,60.56,217.806922,27.646,1514,217.8
48.181922,11.614067,25.7,217.9,0,217.899054,0.327,1514,217.9
48.18192,11.614065,25.7,218,142.72,218.005689,23.678,1514,218
48.181917,11.614062,25.7,218.1,12.112,218.106691,16.579,1514,218.1
48.181915,11.61406,25.7,218.2,0,218.199947,0.084,91,218.2
48.181913,11.614058,25.7,218.3,0,218.313664,28.025,1514,218.3
48.181911,11.614056,25.7,218.4,12.112,218.406877,17.524,1514,218.4
48.18191,11.614054,25.7,218.5,0,218.491739,0.145,620,218.5
48.181907,11.614051,25.7,218.6,12.112,218.605975,16.44,1514,218.6
48.181906,11.61405,25.7,218.7,0,218.69057,0.043,614,218.7
48.181903,11.614047,25.7,218.8,0.624,218.800905,17.32,78,218.8
48.181902,11.614045,25.7,218.9,47.224,218.908853,23.925,1514,218.9
48.181899,11.614043,25.7,219,0,218.998128,1.147,680,219
48.181897,11.614041,25.7,219.1,0,219.092318,6.274,78,219.1
48.181895,11.614039,25.7,219.2,0.672,219.192139,1.008,1312,219.2
48.181893,11.614037,25.7,219.3,0.632,219.296978,9.774,79,219.3
48.181891,11.614035,25.7,219.4,24.224,219.4,8.155,1514,219.4
48.181889,11.614033,25.7,219.5,0,219.492034,8.795,812,219.5
48.181887,11.614031,25.7,219.6,0,219.610584,21.656,1514,219.6
48.181885,11.614029,25.7,219.7,0.632,219.698599,0.058,207,219.7
48.181883,11.614027,25.7,219.8,7.8,219.801315,11.035,975,219.8
48.181881,11.614025,25.7,219.9,108.568,219.905589,11.782,1514,219.9
48.181879,11.614023,25.7,220,0,219.995024,9.499,683,220
48.181877,11.614021,25.7,220.1,79.376,220.107596,15.289,1514,220.1
48.181875,11.614019,25.7,220.2,0,220.192955,1.135,732,220.2
48.181873,11.614017,25.7,220.3,0,220.293546,19.351,505,220.3
48.181871,11.614015,25.7,220.4,20.72,220.400618,1.334,1514,220.4
48.181869,11.614013,25.7,220.5,5.096,220.500124,7.344,637,220.5
48.181867,11.614011,25.7,220.6,0,220.595987,10.257,888,220.6
48.181865,11.614009,25.7,220.7,0,220.692947,24.915,1514,220.7
48.181863,11.614008,25.7,220.8,8.624,220.809456,64.037,1078,220.8
48.181861,11.614006,25.7,220.9,0,220.91686,62.778,78,220.9
48.181859,11.614004,25.7,221,0,221.035982,97.209,975,221
48.181856,11.614002,25.7,221.1,36.336,221.100126,5.347,1514,221.1
48.181854,11.614,25.7,221.2,9.68,221.198152,0.474,1514,221.2
48.181852,11.613998,25.7,221.3,4.568,221.300596,18.727,571,221.3
48.18185,11.613996,25.7,221.4,72,221.400045,27.775,1514,221.4
48.181848,11.613995,25.7,221.5,5.288,221.498595,0.061,1230,221.5
48.181846,11.613993,25.7,221.6,17.488,221.603109,20.969,672,221.6
48.181844,11.613991,25.7,221.7,4.384,221.695262,0.79,1438,221.7
48.181842,11.613989,25.7,221.8,25.752,221.803043,7.47,1514,221.8
48.18184,11.613987,25.7,221.9,57.944,221.90448,32.189,1514,221.9
48.181838,11.613985,25.7,222,3.984,222.008284,18.548,498,222
48.181836,11.613984,25.8,222.1,5.392,222.106442,34.444,674,222.1
48.181834,11.613982,25.7,222.2,0,222.197698,0.965,1482,222.2
48.181832,11.61398,25.7,222.3,4.376,222.307178,17.424,547,222.3
48.18183,11.613978,25.8,222.4,77.928,222.399762,0.019,79,222.4
48.181828,11.613976,25.8,222.5,46.624,222.505629,55.46,1078,222.5
48.181826,11.613975,25.8,222.6,0,222.578194,0.971,1078,222.6
48.181824,11.613973,25.8,222.7,54.36,222.696821,38.384,1514,222.7
48.181822,11.613971,25.8,222.8,0,222.812348,27.384,498,222.8
48.181819,11.613969,25.8,222.9,60.56,222.906379,76.606,1514,222.9
48.181817,11.613968,25.7,223,0,222.990615,3.62,84,223
48.181815,11.613966,25.7,223.1,0,223.11015,25.279,1514,223.1
48.181813,11.613964,25.7,223.2,116.688,223.205321,10.835,116,223.2
48.181811,11.613962,25.7,223.3,0,223.313579,68.351,1514,223.3
48.181809,11.61396,25.7,223.4,0,223.389181,0.204,79,223.4
48.181807,11.613959,25.7,223.5,0.728,223.495832,0.291,137,223.5
48.181804,11.613957,25.7,223.6,0,223.59423,0.022,76,223.6
48.181802,11.613955,25.7,223.7,23.568,223.708258,53.247,1514,223.7
48.1818,11.613954,25.7,223.8,0,223.791576,12.569,1078,223.8
48.181798,11.613951,25.6,223.9,37.032,223.903576,32.399,1514,223.9
48.181796,11.61395,25.7,224,18.232,224.0001,0.53,1201,224
48.181794,11.613948,25.6,224.1,0,224.088323,5.651,84,224.1
48.181792,11.613946,25.6,224.2,21.488,224.19755,41.558,1514,224.2
48.18179,11.613945,25.6,224.3,0,224.294074,0.116,116,224.3
48.181788,11.613943,25.6,224.4,22.88,224.407899,42.242,1514,224.4
48.181786,11.613942,25.6,224.5,0,224.492801,0.214,620,224.5
48.181785,11.613941,25.6,224.6,0,224.64504,152.239,208,224.6
48.181784,11.613941,25.6,224.7,0,224.697857,0.811,699,224.7
48.181783,11.61394,25.6,224.8,0,224.835987,97.418,536,224.8
48.181783,11.61394,25.7,224.9,53.968,224.903838,8.957,1514,224.9
48.181783,11.61394,25.6,225,0,224.956416,0.905,1078,225
48.181783,11.613939,25.6,225.1,36.336,225.107114,150.698,1514,225.1
48.181783,11.613939,25.7,225.2,24.224,225.200703,2.057,1514,225.2
48.181783,11.613939,25.7,225.3,0,225.335297,134.114,1071,225.3
48.181783,11.613939,25.7,225.4,45.976,225.405062,15.725,1514,225.4
48.181783,11.613939,25.6,225.5,0,225.430442,19.957,726,225.5
48.181783,11.613939,25.6,225.6,1.752,225.601261,2.71,82,225.6
48.181783,11.613939,25.6,225.7,0,225.660878,0.913,1394,225.7
48.181783,11.613939,25.6,225.8,106.464,225.800212,1.662,1514,225.8
48.181783,11.613939,25.6,225.9,0,225.888453,22.517,79,225.9
48.181784,11.613939,25.6,226,0,226.026411,137.958,1514,226
48.181784,11.613939,25.6,226.1,0,226.085339,14.803,76,226.1
48.181784,11.613939,25.6,226.2,0,226.259988,141.879,84,226.2
48.181784,11.613939,25.6,226.3,0.928,226.296079,14.824,78,226.3
48.181784,11.613939,25.6,226.4,0,226.333731,10.369,531,226.4
48.181784,11.613939,25.6,226.5,25.928,226.500158,0.963,1514,226.5
48.181784,11.613939,25.6,226.6,0,226.576438,0.051,523,226.6
48.181784,11.613939,25.6,226.7,0,226.719569,143.131,1514,226.7
48.181784,11.613939,25.7,226.8,1.24,226.804385,22.909,79,226.8
48.181784,11.613939,25.8,226.9,0,226.951585,144.619,1514,226.9
48.181784,11.613939,26,227,0,227.032821,68.346,1514,227
48.181784,11.613939,26.2,227.1,0,227.039367,0.401,1263,227.1
48.181784,11.613939,26.3,227.2,16.488,227.200919,3.067,1514,227.2
48.181784,11.613939,26.6,227.3,0,227.24686,0.296,714,227.3
48.181784,11.613939,26.7,227.4,45.36,227.407324,160.464,1514,227.4
48.181784,11.613939,26.9,227.5,0,227.489881,0.03,108,227.5
48.181784,11.613939,27.1,227.6,0,227.63925,149.369,1514,227.6
48.181784,11.613939,27.3,227.7,0,227.698719,0.37,1148,227.7
48.181784,11.61394,27.5,227.8,0,227.869003,170.284,1514,227.8
48.181784,11.61394,27.7,227.9,32.304,227.905947,25.834,1514,227.9
48.181784,11.61394,27.8,228,0,227.991347,0.32,1107,228
48.181784,11.61394,28,228.1,0,228.116937,40.224,1514,228.1
48.181784,11.61394,28.2,228.2,0,228.199235,0.303,1393,228.2
48.181784,11.61394,28.4,228.3,0,228.28357,0.387,1150,228.3
48.181784,11.61394,28.6,228.4,31.16,228.406225,16.984,1514,228.4
48.181784,11.613941,28.8,228.5,0,228.493664,0.078,84,228.5
48.181784,11.613941,29,228.6,0,228.597659,0.793,91,228.6
48.181784,11.613941,29.2,228.7,24.224,228.700066,1.674,1514,228.7
48.181784,11.613941,29.4,228.8,0,228.786,0.224,177,228.8
48.181784,11.613941,29.5,228.9,36.336,228.906858,30.492,1514,228.9
48.181784,11.613941,29.8,229,12.112,228.997418,0.548,1514,229
48.181784,11.613941,29.9,229.1,0,229.091514,0.979,78,229.1
48.181784,11.613941,30.1,229.2,36.336,229.198961,30.097,76,229.2
48.181784,11.613942,30.3,229.3,0,229.288432,19.712,1514,229.3
48.181784,11.613942,30.5,229.4,35.68,229.397948,14.278,78,229.4
48.181784,11.613942,30.7,229.5,0.672,229.491807,0.057,68,229.5
48.181784,11.613942,30.9,229.6,0,229.612096,34.361,79,229.6
48.181784,11.613942,31.1,229.7,34.36,229.700459,24.191,1514,229.7
48.181784,11.613942,31.3,229.8,0,229.783833,0.059,1142,229.8
48.181784,11.613942,31.4,229.9,12.112,229.90952,40.082,1514,229.9
48.181784,11.613942,31.6,230,0,229.991718,0.479,1465,230
48.181784,11.613942,31.8,230.1,0,230.115657,40.348,1514,230.1
48.181784,11.613942,32,230.2,21.032,230.199542,13.888,1514,230.2
48.181784,11.613942,32.2,230.3,0,230.284664,0.049,64,230.3
48.181784,11.613942,32.4,230.4,24.224,230.408779,36.498,1514,230.4
48.181784,11.613941,32.6,230.5,0,230.493936,0.129,698,230.5
48.181784,11.613941,32.8,230.6,0,230.616145,40.581,1514,230.6
48.181784,11.613941,33,230.7,37.008,230.703773,37.742,84,230.7
48.181784,11.613941,33.2,230.8,0,230.789035,0.476,910,230.8
48.181784,11.613941,33.4,230.9,0,230.911164,41.166,1514,230.9
48.181784,11.613941,33.6,231,0,230.99308,27.293,1078,231
48.181784,11.613941,33.8,231.1,0,231.087465,0.308,79,231.1
48.181784,11.613941,34,231.2,0.624,231.208787,18.793,78,231.2
48.181784,11.613941,34.2,231.3,0,231.290316,1.53,76,231.3
48.181784,11.613941,34.4,231.4,12.112,231.40915,38.25,1514,231.4
48.181784,11.613941,34.6,231.5,23.528,231.502973,6.375,1514,231.5
48.181784,11.613941,34.8,231.6,0.672,231.609817,29.829,84,231.6
48.181784,11.613941,35,231.7,36.992,231.703388,23.541,1514,231.7
48.181784,11.613941,35.2,231.8,1.752,231.806419,17.266,82,231.8
48.181784,11.613941,35.4,231.9,12.112,231.909048,34.987,1514,231.9
48.181784,11.613941,35.6,232,0,231.996977,0.027,631,232
48.181784,11.613941,35.8,232.1,0,232.114829,34.674,79,232.1
48.181784,11.613941,36,232.2,53.312,232.203309,23.142,1514,232.2
48.181784,11.613941,36.2,232.3,0,232.28728,1.012,1505,232.3
48.181784,11.613941,36.4,232.4,0,232.414149,35.379,1514,232.4
48.181784,11.613941,36.6,232.5,34.376,232.499986,0.23,1514,232.5
48.181784,11.613941,36.8,232.6,30.4,232.601869,9.248,1514,232.6
48.181783,11.613941,37,232.7,84.784,232.701425,15.423,1514,232.7
48.181783,11.613941,37.2,232.8,1.664,232.795206,5.532,1480,232.8
48.181784,11.61394,37.4,232.9,0,232.911719,32.614,1514,232.9
48.181783,11.61394,37.6,233,51.568,233.001014,2.17,1514,233
48.181783,11.61394,37.8,233.1,0,233.085092,0.245,707,233.1
48.181783,11.61394,38,233.2,36.336,233.202989,21.826,1514,233.2
48.181783,11.61394,38.1,233.3,0,233.291855,0.052,420,233.3
48.181783,11.61394,38.3,233.4,0,233.394848,3.816,91,233.4
48.181783,11.61394,38.5,233.5,13.272,233.502303,4.731,1514,233.5
48.181783,11.61394,38.7,233.6,0,233.595982,8.272,76,233.6
48.181783,11.61394,38.9,233.7,36.336,233.706958,21.848,1514,233.7
48.181783,11.61394,39.1,233.8,0,233.791681,0.02,514,233.8
48.181783,11.61394,39.3,233.9,0,233.89391,0.056,738,233.9
48.181783,11.61394,39.5,234,0,233.989473,33.461,491,234
48.181783,11.61394,39.7,234.1,24.224,234.103321,6.666,1514,234.1
48.181783,11.61394,39.9,234.2,0,234.210869,22.51,1514,234.2
48.181783,11.61394,40.1,234.3,18.152,234.30335,7.809,599,234.3
48.181783,11.61394,40.3,234.4,1.28,234.393727,2.536,719,234.4
48.181783,11.61394,40.5,234.5,12.112,234.49813,6.444,1514,234.5
48.181783,11.61394,40.7,234.6,6.496,234.600011,1.111,116,234.6
48.181783,11.61394,40.9,234.7,0,234.692339,7.74,675,234.7
48.181783,11.61394,41.1,234.8,22.376,234.799638,1.642,1514,234.8
48.181783,11.61394,41.3,234.9,0,234.895936,0.37,137,234.9
48.181783,11.61394,41.5,235,28.856,235.000431,1.328,1514,235
48.181783,11.61394,41.7,235.1,0,235.094088,9.88,495,235.1
48.181783,11.61394,41.9,235.2,12.112,235.199176,4.326,79,235.2
48.181783,11.61394,42.1,235.3,1.248,235.3006,3.955,78,235.3
48.181783,11.61394,42.4,235.4,0,235.396659,1.24,882,235.4
48.181783,11.61394,42.6,235.5,13.432,235.499307,0.474,1514,235.5
48.181783,11.61394,42.8,235.6,0.624,235.600163,2.396,78,235.6
48.181783,11.61394,43,235.7,58.376,235.69856,22.579,506,235.7
48.181783,11.61394,43.2,235.8,0,235.797942,0.285,833,235.8
48.181783,11.61394,43.4,235.9,12.784,235.90032,20.086,1078,235.9
48.181783,11.61394,43.6,236,60.616,236.00072,4.438,1514,236
48.181783,11.61394,43.8,236.1,3.92,236.101104,15.826,490,236.1
48.181783,11.61394,44,236.2,65.448,236.201872,29.927,708,236.2
48.181783,11.61394,44.2,236.3,4.432,236.304162,11.451,554,236.3
48.181783,11.61394,44.4,236.4,5.744,236.406327,18.117,718,236.4
48.181783,11.61394,44.6,236.5,72.672,236.50048,3.997,1514,236.5
48.181783,11.61394,44.8,236.6,6.768,236.604426,12.373,846,236.6
48.181783,11.61394,45,236.7,4.384,236.705551,28.188,548,236.7
48.181783,11.61394,45.2,236.8,78.624,236.800284,10.757,1514,236.8
48.181783,11.61394,45.4,236.9,4.384,236.906662,29.056,548,236.9
48.181783,11.61394,45.6,237,24.224,236.997178,19.742,1514,237
48.181783,11.61394,45.8,237.1,4.248,237.108058,18.869,531,237.1
48.181783,11.61394,46,237.2,12.112,237.207105,35.905,1514,237.2
48.181783,11.61394,46.2,237.3,4.512,237.298619,0.195,109,237.3
48.181783,11.61394,46.4,237.4,0,237.392683,0.545,1514,237.4
48.181783,11.61394,46.6,237.5,60.56,237.50389,24.568,1514,237.5
48.181783,11.61394,46.8,237.6,0,237.584259,0.494,1514,237.6
48.181783,11.61394,47,237.7,0,237.695545,2.609,1078,237.7
48.181783,11.61394,47.2,237.8,46.64,237.800263,8.671,1514,237.8
48.181783,11.61394,47.4,237.9,0,237.890101,3.208,1514,237.9
48.181783,11.61394,47.6,238,1.752,238.002239,8.725,82,238
48.181783,11.61394,47.8,238.1,24.224,238.105982,22.743,1514,238.1
48.181783,11.61394,48,238.2,12.784,238.197106,0.598,76,238.2
48.181783,11.61394,48.2,238.3,12.112,238.304861,13.406,1514,238.3
48.181783,11.61394,48.3,238.4,23.744,238.401338,3.461,1514,238.4
48.181783,11.61394,48.5,238.5,20.736,238.499344,5.054,117,238.5
48.181783,11.613939,48.7,238.6,0,238.592173,25.562,1514,238.6
48.181783,11.61394,48.8,238.7,12.112,238.69479,8.106,644,238.7
48.181783,11.61394,48.9,238.8,12.112,238.801085,10.016,1514,238.8
48.181783,11.61394,49,238.9,12.112,238.898655,3.67,1514,238.9
48.181783,11.61394,49.1,239,0,238.990896,11.662,1514,239
48.181783,11.61394,49.1,239.1,12.112,239.102194,4.624,1514,239.1
48.181783,11.61394,49.2,239.2,0,239.192967,15.795,1514,239.2
48.181783,11.61394,49.3,239.3,20.736,239.299642,0.256,86,239.3
48.181783,11.61394,49.4,239.4,12.112,239.400239,1.832,1514,239.4
48.181783,11.61394,49.4,239.5,0,239.498024,1.153,525,239.5
48.181783,11.61394,49.5,239.6,19.768,239.600771,9.613,65,239.6
48.181783,11.61394,49.5,239.7,0,239.711734,55.321,257,239.7
48.181783,11.61394,49.6,239.8,25.976,239.79692,4.801,1514,239.8
48.181783,11.613939,49.6,239.9,12.848,239.904598,11.538,92,239.9
48.181783,11.613939,49.6,240,24.224,240.003251,16.67,1514,240
48.181783,11.613939,49.7,240.1,12.112,240.109442,21.565,1514,240.1
48.181783,11.613939,49.7,240.2,0,240.199908,6.364,1514,240.2
48.181783,11.613939,49.7,240.3,0,240.310974,30.258,1115,240.3
48.181783,11.613939,49.7,240.4,12.112,240.396565,23.68,1514,240.4
48.181783,11.613939,49.7,240.5,24.224,240.503442,37.739,1514,240.5
48.181783,11.613939,49.7,240.6,0,240.597772,3.748,921,240.6
48.181782,11.613939,49.7,240.7,12.112,240.708525,38.706,1514,240.7
48.181782,11.613939,49.7,240.8,25.472,240.800817,5.148,78,240.8
48.181782,11.613939,49.7,240.9,12.112,240.897481,11.658,1514,240.9
48.181782,11.613939,49.7,241,22.256,241.000623,2.134,1514,241
48.181782,11.613939,49.7,241.1,4.176,241.10618,17.435,522,241.1
48.181782,11.613939,49.7,241.2,24.224,241.199939,4.208,79,241.2
48.181782,11.613939,49.7,241.3,13.368,241.297099,6.178,1514,241.3
48.181782,11.613939,49.7,241.4,0,241.396743,14.739,1514,241.4
48.181782,11.613939,49.7,241.5,0,241.485207,1.833,1169,241.5
48.181782,11.613939,49.7,241.6,24.224,241.602598,21.622,1514,241.6
48.181782,11.613939,49.7,241.7,12.8,241.700658,3.912,86,241.7
48.181782,11.613939,49.7,241.8,13.36,241.805756,25.233,78,241.8
48.181782,11.613939,49.7,241.9,20.736,241.901319,14.117,1078,241.9
48.181782,11.613939,49.7,242,12.112,242.004339,8.953,1514,242
48.181783,11.61394,49.7,242.1,0,242.111572,25.052,930,242.1
48.181783,11.61394,49.8,242.2,12.112,242.200129,8.057,1514,242.2
48.181784,11.613941,49.8,242.3,24.224,242.30355,7.434,1514,242.3
48.181784,11.613941,49.8,242.4,12.112,242.408999,26.469,1514,242.4
48.181785,11.613942,49.8,242.5,0,242.499777,3.475,1514,242.5
48.181785,11.613942,49.8,242.6,20.736,242.599736,1.358,873,242.6
48.181786,11.613943,49.8,242.7,0,242.711179,23.178,1514,242.7
48.181787,11.613944,49.8,242.8,19.488,242.799366,40.563,1514,242.8
48.181788,11.613945,49.8,242.9,0,242.881402,1.245,1088,242.9
48.181789,11.613946,49.8,243,29.904,242.995614,13.834,76,243
48.181789,11.613947,49.8,243.1,12.112,243.109423,30.054,1514,243.1
48.18179,11.613948,49.8,243.2,0,243.212375,25.424,1514,243.2
48.181791,11.613948,49.8,243.3,12.112,243.299894,2.099,1514,243.3
48.181792,11.61395,49.8,243.4,0,243.391331,1.961,605,243.4
48.181794,11.613951,49.8,243.5,12.112,243.50376,7.961,1514,243.5
48.181795,11.613952,49.8,243.6,12.112,243.600605,13.382,1514,243.6
48.181796,11.613953,49.8,243.7,0,243.698811,3.617,1514,243.7
48.181797,11.613954,49.8,243.8,12.112,243.802441,14.834,1514,243.8
48.181798,11.613956,49.9,243.9,36.336,243.90028,1.883,1514,243.9
48.1818,11.613957,49.9,244,0,243.995754,27.995,1514,244
48.181801,11.613958,49.9,244.1,0,244.097163,1.838,1514,244.1
48.181802,11.61396,49.8,244.2,0,244.199105,14.533,1514,244.2
48.181804,11.613961,49.8,244.3,12.112,244.301106,3.816,1514,244.3
48.181805,11.613963,49.8,244.4,0,244.436084,109.383,1514,244.4
48.181806,11.613964,49.8,244.5,12.112,244.506146,21.717,1514,244.5
48.181808,11.613966,49.8,244.6,12.112,244.592517,9.13,1514,244.6
48.181809,11.613967,49.8,244.7,0,244.699574,1.794,1514,244.7
48.181811,11.613969,49.8,244.8,16.544,244.797151,5.401,1514,244.8
48.181812,11.61397,49.8,244.9,24.224,244.898841,7.129,1089,244.9
48.181814,11.613972,49.8,245,24.224,244.999134,0.711,84,245
48.181815,11.613974,49.8,245.1,0,245.097342,3.052,960,245.1
48.181817,11.613975,49.8,245.2,0,245.213868,29.452,1514,245.2
48.181818,11.613977,49.8,245.3,12.112,245.308222,45.035,1514,245.3
48.18182,11.613979,49.8,245.4,0,245.399832,7.393,115,245.4
48.181822,11.613981,49.8,245.5,6.328,245.497688,2.26,77,245.5
48.181823,11.613983,49.8,245.6,12.112,245.599965,4.889,117,245.6
48.181825,11.613984,49.8,245.7,0,245.699689,9.476,1514,245.7
48.181827,11.613986,49.7,245.8,24.224,245.80131,10.412,1514,245.8
48.181828,11.613988,49.7,245.9,12.112,245.904267,9.472,1514,245.9
48.18183,11.61399,49.7,246,0,245.999336,1.926,1514,246
48.181832,11.613992,49.7,246.1,36.336,246.102149,18.542,1514,246.1
48.181834,11.613994,49.8,246.2,20.576,246.199664,3.269,1514,246.2
48.181835,11.613996,49.7,246.3,24.224,246.298319,14.699,1514,246.3
48.181837,11.613998,49.7,246.4,8.816,246.400142,1.501,1102,246.4
48.181839,11.614,49.7,246.5,12.112,246.497444,10.215,79,246.5
48.181841,11.614002,49.7,246.6,1.352,246.599218,4.145,78,246.6
48.181843,11.614004,49.7,246.7,0,246.691918,1.494,913,246.7
48.181845,11.614006,49.7,246.8,36.336,246.80267,23.158,1514,246.8
48.181846,11.614008,49.8,246.9,0,246.896881,8.469,1215,246.9
48.181848,11.61401,49.8,247,12.112,247.007039,27.746,1514,247
48.18185,11.614012,49.8,247.1,48.448,247.101293,19.168,1514,247.1
48.181852,11.614014,49.8,247.2,1.664,247.194021,2.052,548,247.2
48.181854,11.614016,49.7,247.3,0,247.295834,2.276,508,247.3
48.181855,11.614018,49.7,247.4,0,247.3997,15.229,567,247.4
48.181857,11.61402,49.7,247.5,12.112,247.501009,48.568,1514,247.5
48.181859,11.614022,49.7,247.6,8.624,247.59938,1.443,838,247.6
48.181861,11.614024,49.7,247.7,0,247.69971,11.877,1514,247.7
48.181863,11.614027,49.7,247.8,12.112,247.804128,15.245,1514,247.8
48.181865,11.614029,49.7,247.9,0,247.894827,19.853,707,247.9
48.181867,11.614031,49.7,248,12.112,248.002929,32.665,1514,248
48.181868,11.614032,49.7,248.1,15.552,248.104512,50.825,1514,248.1
48.18187,11.614035,49.7,248.2,12.112,248.205379,31.645,1514,248.2
48.181872,11.614037,49.7,248.3,0,248.286264,25.133,1514,248.3
48.181874,11.614039,49.7,248.4,24.224,248.401071,20.594,1514,248.4
48.181876,11.614042,49.7,248.5,0,248.49272,18.194,1514,248.5
48.181878,11.614044,49.7,248.6,24.224,248.600173,13.469,1514,248.6
48.18188,11.614046,49.7,248.7,0,248.696651,30.147,1514,248.7
48.181882,11.614048,49.7,248.8,0,248.793035,10.513,1514,248.8
48.181884,11.61405,49.7,248.9,12.112,248.901204,27.401,1514,248.9
48.181886,11.614053,49.7,249,0,248.987455,14.383,1514,249
48.181888,11.614055,49.7,249.1,0,249.098259,3.413,1514,249.1
48.18189,11.614057,49.7,249.2,3.984,249.202365,16.888,498,249.2
48.181892,11.61406,49.7,249.3,8.624,249.294049,26.12,781,249.3
48.181894,11.614062,49.7,249.4,0,249.398169,12.869,1078,249.4
48.181896,11.614064,49.7,249.5,0,249.492909,26.44,1514,249.5
48.181898,11.614066,49.7,249.6,12.112,249.607699,114.79,1514,249.6
48.1819,11.614068,49.7,249.7,9.264,249.7033,7.108,652,249.7
48.181902,11.61407,49.7,249.8,0,249.796768,26.993,1514,249.8
48.181904,11.614073,49.7,249.9,4.456,249.905543,44.196,557,249.9
48.181906,11.614075,49.7,250,12.112,250.008624,18.477,1514,250
48.181908,11.614077,49.7,250.1,0,250.065793,11.884,1514,250.1
48.18191,11.614079,49.7,250.2,5.696,250.206423,18.664,712,250.2
48.181912,11.614081,49.7,250.3,12.112,250.30896,41.246,1514,250.3
48.181914,11.614084,49.7,250.4,0,250.398956,7.412,1514,250.4
48.181916,11.614086,49.7,250.5,0,250.489257,5.434,1514,250.5
48.181918,11.614089,49.7,250.6,0,250.615064,42.319,1514,250.6
48.18192,11.61409,49.7,250.7,0,250.676877,17.993,549,250.7
48.181922,11.614093,49.7,250.8,0,250.812826,34.139,1514,250.8
48.181924,11.614095,49.7,250.9,0,250.89673,20.157,1514,250.9
48.181926,11.614097,49.7,251,12.112,251.001806,20.578,1514,251
48.181929,11.6141,49.7,251.1,0,251.110336,29.967,1514,251.1
48.181931,11.614102,49.7,251.2,0,251.182707,29.819,1514,251.2
48.181933,11.614104,49.7,251.3,34.216,251.298637,8.634,656,251.3
48.181935,11.614106,49.7,251.4,0,251.410184,47.082,1514,251.4
48.181937,11.614108,49.7,251.5,0,251.510134,27.443,1419,251.5
48.181939,11.614111,49.7,251.6,12.112,251.603282,30.177,1514,251.6
48.181941,11.614113,49.7,251.7,0,251.684949,1.171,101,251.7
48.181943,11.614115,49.7,251.8,0,251.798391,2.262,726,251.8
48.181945,11.614118,49.7,251.9,36.336,251.901499,4.995,1514,251.9
48.181949,11.614122,49.7,252.1,0,252.096478,35.897,1514,252.1
48.181951,11.614124,49.7,252.2,4.496,252.198838,5.008,78,252.2
48.181953,11.614127,49.7,252.3,12.112,252.308593,104.64,1514,252.3
48.181955,11.614129,49.7,252.4,0,252.412393,59.825,1514,252.4
48.181957,11.614132,49.7,252.5,0,252.425357,12.964,702,252.5
48.181959,11.614134,49.7,252.6,0,252.59605,0.017,84,252.6
48.181961,11.614136,49.6,252.7,0,252.59605,0.017,84,252.7
48.181964,11.614139,49.6,252.8,0,252.97597,379.92,1514,252.8
48.181966,11.614141,49.6,252.9,0,252.97597,379.92,1514,252.9
48.181968,11.614143,49.6,253,0,252.976027,0.057,690,253
48.181947,11.61412,49.7,252,12.112,252.007021,34.687,1514,252
48.181969,11.614145,49.6,253.1,0,253.145991,169.964,690,253.1
48.181971,11.614147,49.6,253.2,0,253.145991,169.964,690,253.2
48.181973,11.61415,49.6,253.3,0,253.256132,0.063,1514,253.3
48.181975,11.614152,49.6,253.4,0,253.535999,279.867,1127,253.4
48.181978,11.614154,49.7,253.5,0,253.535999,279.867,1127,253.5
48.18198,11.614157,49.6,253.6,0,253.635952,99.893,1078,253.6
48.181982,11.614159,49.6,253.7,0,253.63607,0.02,1514,253.7
48.181984,11.614161,49.7,253.8,0,253.876024,239.954,1514,253.8
48.181986,11.614164,49.6,253.9,0,253.876024,239.954,1514,253.9
48.181988,11.614166,49.6,254,0,254.055952,179.928,1514,254
48.18199,11.614168,49.6,254.1,0,254.056194,0.019,1085,254.1
48.181992,11.614171,49.6,254.2,24.224,254.206295,150.101,1514,254.2
48.181994,11.614173,49.6,254.3,0,254.206358,0.063,1514,254.3
48.181996,11.614175,49.6,254.4,0,254.54595,339.592,78,254.4
48.181998,11.614178,49.6,254.5,0,254.54595,339.592,78,254.5
48.182009,11.614189,49.6,255,0,254.786029,0.061,498,255
48.182011,11.614191,49.6,255.1,0,255.316037,530.008,1514,255.1
48.182013,11.614193,49.6,255.2,0,255.316037,530.008,1514,255.2
48.182015,11.614195,49.6,255.3,0,255.316037,530.008,1514,255.3
48.182017,11.614198,49.6,255.4,0,255.316126,0.025,531,255.4
48.182019,11.6142,49.6,255.5,0,255.575963,259.837,1514,255.5
48.182021,11.614202,49.6,255.6,0,255.576054,0.022,1102,255.6
48.182023,11.614204,49.6,255.7,0,255.576054,0.022,1102,255.7
48.182025,11.614207,49.6,255.8,0,255.576054,0.022,1102,255.8
48.182027,11.614209,49.6,255.9,0,256.075998,499.944,706,255.9
48.182029,11.614211,49.6,256,0,256.075998,499.944,706,256
48.182031,11.614213,49.6,256.1,0,256.076214,0.019,1514,256.1
48.182033,11.614216,49.6,256.2,6.032,256.204673,22.129,754,256.2
48.182035,11.614218,49.6,256.3,12.112,256.303451,13.704,1514,256.3
48.182037,11.61422,49.6,256.4,0,256.369368,7.613,749,256.4
48.182039,11.614223,49.6,256.5,0,256.468687,0.018,1078,256.5
48.182041,11.614225,49.6,256.6,0,256.685963,217.276,586,256.6
48.182043,11.614227,49.6,256.7,0,256.686029,0.066,1078,256.7
48.182045,11.614229,49.6,256.8,61.16,256.80597,119.941,566,256.8
48.182047,11.614232,49.6,256.9,0,256.926011,119.838,1514,256.9
48.182049,11.614234,49.6,257,5.848,256.993291,12.472,1078,257
48.182052,11.614237,49.6,257.1,5.136,257.109713,34.256,642,257.1
48.182054,11.614239,49.6,257.2,0,257.115794,6.081,549,257.2
48.182056,11.614241,49.6,257.3,0,257.365943,250.149,691,257.3
48.182058,11.614243,49.6,257.4,0,257.365943,250.149,691,257.4
48.18206,11.614246,49.6,257.5,0,257.365943,250.149,691,257.5
48.182062,11.614248,49.6,257.6,0,257.365943,250.149,691,257.6
48.182064,11.61425,49.6,257.7,0,257.365943,250.149,691,257.7
48.182066,11.614252,49.6,257.8,0,257.365943,250.149,691,257.8
48.182067,11.614254,49.6,257.9,0,257.365943,250.149,691,257.9
48.182069,11.614256,49.6,258,0,258.5062,1140.257,1514,258
48.182071,11.614258,49.6,258.1,0,258.5062,1140.257,1514,258.1
48.182072,11.61426,49.6,258.2,0,258.5062,1140.257,1514,258.2
48.182074,11.614262,49.7,258.3,0,258.5062,1140.257,1514,258.3
48.182075,11.614264,49.7,258.4,0,258.5062,1140.257,1514,258.4
48.182077,11.614266,49.7,258.5,17.776,258.5062,1140.257,1514,258.5
48.182079,11.614267,49.6,258.6,0,258.616075,109.816,499,258.6
48.18208,11.614269,49.6,258.7,0,258.616161,0.086,1078,258.7
48.182082,11.614271,49.6,258.8,0,258.616161,0.086,1078,258.8
48.182083,11.614273,49.6,258.9,0,258.616161,0.086,1078,258.9
48.182085,11.614275,49.6,259,0,259.335953,719.792,1514,259
48.182087,11.614277,49.7,259.1,0,259.335953,719.792,1514,259.1
48.182088,11.614279,49.7,259.2,0,259.335953,719.792,1514,259.2
48.18209,11.614281,49.7,259.3,0,259.335953,719.792,1514,259.3
48.182094,11.614285,49.7,259.5,0,259.575946,239.915,848,259.5
48.182095,11.614287,49.7,259.6,0,259.576087,0.024,1078,259.6
48.182097,11.614289,49.7,259.7,0,259.716652,140.565,532,259.7
48.182099,11.614291,49.7,259.8,0,259.716652,140.565,532,259.8
48.182101,11.614292,49.7,259.9,0,259.986295,269.643,1078,259.9
48.182102,11.614294,49.6,260,0,259.986356,0.061,709,260
48.182104,11.614297,49.7,260.1,0,260.096265,109.909,549,260.1
48.182092,11.614283,49.7,259.4,0,259.336031,0.024,589,259.4
48.182106,11.614299,49.6,260.2,0,260.23598,139.715,1078,260.2
48.182108,11.6143,49.6,260.3,12.112,260.295092,11.895,208,260.3
48.18211,11.614302,49.7,260.4,0,260.411389,24.514,1514,260.4
48.182112,11.614304,49.6,260.5,0,260.518714,37.481,1078,260.5
48.182114,11.614306,49.6,260.6,0,260.615793,31.82,1514,260.6
48.182115,11.614308,49.6,260.7,8.896,260.696017,20.982,1514,260.7
48.182117,11.61431,49.6,260.8,8.624,260.799032,10.572,1078,260.8
48.182119,11.614313,49.6,260.9,0,260.894167,31.902,515,260.9
48.182121,11.614315,49.6,261,8.624,260.995608,5.347,475,261
48.182123,11.614317,49.6,261.1,4.976,261.107838,17.778,622,261.1
48.182125,11.614319,49.6,261.2,0,261.18353,26.793,767,261.2
48.182127,11.614321,49.6,261.3,0,261.229554,46.024,1514,261.3
48.182128,11.614323,49.6,261.4,0,261.229554,46.024,1514,261.4
48.18213,11.614325,49.6,261.5,0,261.229554,46.024,1514,261.5
48.182132,11.614327,49.6,261.6,0,261.229554,46.024,1514,261.6
48.182134,11.614329,49.6,261.7,0,261.229554,46.024,1514,261.7
48.182135,11.614331,49.6,261.8,0,262.255982,1026.428,1078,261.8
48.182137,11.614333,49.7,261.9,0,262.255982,1026.428,1078,261.9
48.182139,11.614334,49.7,262,0,262.255982,1026.428,1078,262
48.182141,11.614337,49.7,262.1,0,262.255982,1026.428,1078,262.1
48.182143,11.614339,49.7,262.2,0,262.255982,1026.428,1078,262.2
48.182144,11.614341,49.7,262.3,0,262.256201,0.021,681,262.3
48.182146,11.614343,49.7,262.4,0,262.356189,0.023,1078,262.4
48.182148,11.614345,49.7,262.5,0,262.456006,0.061,1514,262.5
48.18215,11.614347,49.7,262.6,0,262.626036,170.03,730,262.6
48.182152,11.614349,49.7,262.7,0,262.724653,98.499,1078,262.7
48.182162,11.614363,49.7,263.6,23.592,263.597185,3.247,1514,263.6
48.182162,11.614363,49.7,263.7,0,263.698001,28.747,529,263.7
48.182163,11.614364,49.7,263.8,0,263.799708,18.27,534,263.8
48.182163,11.614364,49.7,263.9,5.56,263.902462,59.06,695,263.9
48.182163,11.614364,49.7,264,0,263.999985,97.523,1078,264
48.182162,11.614364,49.7,264.2,0,264.215201,140.76,1130,264.2
48.182162,11.614365,49.7,264.3,0,264.215201,140.76,1130,264.3
48.182162,11.614365,49.6,264.4,0,264.465982,250.781,449,264.4
48.182162,11.614365,49.6,264.5,0,264.466117,0.022,1514,264.5
48.182162,11.614365,49.6,264.6,0,264.56617,0.03,1514,264.6
48.182162,11.614366,49.6,264.7,4.968,264.706351,19.329,621,264.7
48.182161,11.614366,49.6,264.8,0,264.706351,19.329,621,264.8
48.182161,11.614366,49.6,264.9,0,265.085946,379.595,1514,264.9
48.182161,11.614366,49.6,265,0,265.085946,379.595,1514,265
48.182161,11.614366,49.6,265.1,0,265.086141,0.024,1078,265.1
48.18216,11.614366,49.6,265.2,0,265.186148,0.021,1514,265.2
48.18216,11.614366,49.6,265.3,0,265.286019,0.02,1514,265.3
48.18216,11.614366,49.6,265.4,0,265.475978,189.959,1416,265.4
48.18216,11.614366,49.6,265.5,0,265.476094,0.028,1327,265.5
48.18216,11.614366,49.6,265.6,0,265.61602,139.926,1514,265.6
48.18216,11.614366,49.6,265.7,0,265.61602,139.926,1514,265.7
48.18216,11.614366,49.6,265.8,21.384,265.806027,190.007,1514,265.8
48.18216,11.614366,49.6,265.9,0,265.80609,0.063,1159,265.9
48.18216,11.614366,49.6,266,0,265.80609,0.063,1159,266
48.18216,11.614366,49.6,266.1,0,265.80609,0.063,1159,266.1
48.18216,11.614366,49.6,266.2,0,265.80609,0.063,1159,266.2
48.18216,11.614366,49.6,266.3,0,266.756098,950.008,1514,266.3
48.18216,11.614366,49.6,266.4,0,266.756098,950.008,1514,266.4
48.18216,11.614366,49.6,266.5,0,266.756098,950.008,1514,266.5
48.18216,11.614366,49.6,266.6,0,266.756098,950.008,1514,266.6
48.18216,11.614366,49.6,266.7,0,266.756098,950.008,1514,266.7
48.18216,11.614366,49.6,266.8,0,266.75616,0.062,1514,266.8
48.18216,11.614366,49.6,266.9,0,266.88602,0.065,1514,266.9
48.18216,11.614366,49.6,267,0,266.88602,0.065,1514,267
48.18216,11.614366,49.6,267.1,0,266.88602,0.065,1514,267.1
48.18216,11.614366,49.6,267.2,0,267.406013,519.993,1514,267.2
48.18216,11.614366,49.6,267.3,0,267.406013,519.993,1514,267.3
48.18216,11.614366,49.6,267.4,21.408,267.406013,519.993,1514,267.4
48.18216,11.614365,49.6,267.5,58.424,267.50597,99.898,1078,267.5
48.18216,11.614365,49.6,267.6,49.08,267.605995,99.812,1514,267.6
48.18216,11.614365,49.6,267.7,17.088,267.705983,99.876,1078,267.7
48.182159,11.614365,49.6,267.8,0,267.856025,149.958,1514,267.8
48.182159,11.614365,49.6,267.9,0,267.856118,0.018,1078,267.9
48.182159,11.614364,49.6,268.4,19.384,268.402237,7.003,116,268.4
48.182159,11.614364,49.6,268.5,0,268.492421,1.258,562,268.5
48.182159,11.614364,49.6,268.6,5.752,268.599015,2.427,1514,268.6
48.182159,11.614364,49.6,268.7,20.736,268.700329,1.671,1078,268.7
48.182158,11.614364,49.6,268.8,0,268.791679,13.045,1078,268.8
48.182158,11.614363,49.6,268.9,12.112,268.901491,68.107,1514,268.9
48.182158,11.614363,49.6,269,8.624,269.005124,43.525,1078,269
48.182157,11.614362,49.6,269.1,12.112,269.104782,20.734,1514,269.1
48.182157,11.614362,49.6,269.2,0,269.170306,12.191,643,269.2
48.182157,11.614362,49.6,269.3,0,269.310219,43.652,1514,269.3
48.182156,11.614361,49.6,269.4,12.112,269.403054,19.64,1514,269.4
48.182156,11.614361,49.6,269.5,0,269.515289,50.084,1078,269.5
48.182155,11.61436,49.6,269.6,0,269.584396,12.768,548,269.6
48.182155,11.61436,49.6,269.7,0,269.711507,23.059,91,269.7
48.182154,11.614359,49.6,269.8,0,269.7912,34.37,960,269.8
48.182154,11.614358,49.6,269.9,12.112,269.90616,17.254,1514,269.9
48.182153,11.614357,49.6,270,8.624,270.001265,31.44,1078,270
48.182152,11.614357,49.6,270.1,0,270.096255,17.11,1514,270.1
48.182151,11.614356,49.6,270.2,0,270.218656,45.043,1514,270.2
48.182151,11.614355,49.6,270.3,0,270.245977,9.429,1514,270.3
48.18215,11.614354,49.6,270.4,0,270.37282,126.843,1514,270.4
48.182149,11.614353,49.6,270.5,0,270.515413,39.742,1078,270.5
48.182148,11.614352,49.6,270.6,0,270.526665,11.252,1514,270.6
48.182147,11.614351,49.7,270.7,12.112,270.70712,180.455,1514,270.7
48.182145,11.61435,49.7,270.8,0,270.892688,185.568,1256,270.8
48.182144,11.614348,49.7,270.9,0,270.892688,185.568,1256,270.9
48.182143,11.614348,49.7,271,0,270.91328,20.592,531,271
48.182143,11.614347,49.7,271.1,0,270.91328,20.592,531,271.1
48.182143,11.614347,49.8,271.2,0,270.91328,20.592,531,271.2
48.182143,11.614347,49.8,271.3,0,271.495962,582.682,1078,271.3
48.182142,11.614346,49.8,271.4,0,271.495962,582.682,1078,271.4
48.182143,11.614346,49.7,271.5,0,271.496007,0.045,831,271.5
48.182143,11.614346,49.7,271.6,0,271.635966,139.959,1514,271.6
48.182142,11.614346,49.7,271.7,0,271.63603,0.064,1514,271.7
48.182142,11.614346,49.7,271.8,0,271.77612,0.018,78,271.8
48.182142,11.614345,49.7,271.9,0,271.77612,0.018,78,271.9
48.182142,11.614345,49.7,272,0,272.035988,259.868,78,272
48.182142,11.614345,49.7,272.1,0,272.137535,101.392,1078,272.1
48.182142,11.614345,49.7,272.2,0,272.171194,16.571,1514,272.2
48.182142,11.614344,49.7,272.3,0,272.338582,86.176,1514,272.3
48.182142,11.614344,49.7,272.4,0,272.338582,86.176,1514,272.4
48.182142,11.614344,49.7,272.5,0,272.338582,86.176,1514,272.5
48.182142,11.614344,49.7,272.6,0,272.755976,417.394,1468,272.6
48.182142,11.614344,49.7,272.7,0,272.755976,417.394,1468,272.7
48.182142,11.614344,49.7,272.8,0,272.756132,0.156,548,272.8
48.182142,11.614344,49.7,272.9,0,272.918578,162.446,498,272.9
48.182142,11.614344,49.7,273,0,272.918578,162.446,498,273
48.182143,11.614344,49.7,273.1,0,272.918578,162.446,498,273.1
48.182143,11.614344,49.7,273.2,0,273.465959,547.381,697,273.2
48.182143,11.614344,49.7,273.3,0,273.465959,547.381,697,273.3
48.182143,11.614344,49.7,273.4,0,273.465959,547.381,697,273.4
48.182143,11.614344,49.7,273.5,0,273.466046,0.022,1514,273.5
48.182143,11.614344,49.7,273.6,0,273.596067,0.021,1514,273.6
48.182143,11.614344,49.7,273.7,15.088,273.705967,109.9,1203,273.7
48.182143,11.614344,49.7,273.8,0,273.706027,0.06,683,273.8
48.182143,11.614344,49.7,273.9,0,273.986018,279.991,520,273.9
48.182144,11.614344,49.7,274,0,273.986162,0.019,1514,274
48.182144,11.614344,49.7,274.4,13.68,274.402316,7.56,980,274.4
48.182144,11.614345,49.7,274.5,14.472,274.49952,4.647,660,274.5
48.182144,11.614345,49.8,274.6,25.128,274.600634,1.712,1078,274.6
48.182144,11.614344,49.7,274.7,25.568,274.696665,4.129,1149,274.7
48.182144,11.614345,49.7,275.2,0,275.19005,9.755,1078,275.2
48.182144,11.614344,49.7,275.3,0,275.294021,0.034,674,275.3
48.182144,11.614344,49.7,275.4,32.848,275.405137,24.117,1514,275.4
48.182144,11.614345,49.7,275.5,0,275.489895,0.203,1018,275.5
48.182144,11.614345,49.7,275.6,0,275.585071,26.076,707,275.6
48.182144,11.614345,49.7,275.8,0,275.784342,36.418,531,275.8
48.182145,11.614345,49.7,275.9,12.112,275.903352,16.323,1514,275.9
48.182145,11.614345,49.7,276,0.672,276.009222,18.957,84,276
48.182145,11.614345,49.7,276.1,0,276.092521,0.457,498,276.1
48.182145,11.614345,49.7,276.2,0,276.193933,33.156,531,276.2
48.182145,11.614345,49.7,276.3,0,276.288262,0.19,874,276.3
48.182145,11.614345,49.7,276.4,0,276.387834,22.788,567,276.4
48.182145,11.614345,49.7,276.6,0,276.592891,9.161,785,276.6
48.182145,11.614345,49.7,276.7,46.32,276.703072,10.433,1514,276.7
48.182146,11.614345,49.7,276.8,0,276.791197,8.358,557,276.8
48.182146,11.614346,49.7,276.9,16.024,276.900578,12.327,489,276.9
48.182146,11.614346,49.7,277,0.672,276.992238,2.348,557,277
48.182146,11.614345,49.7,277.1,0,277.09313,12.714,641,277.1
48.182146,11.614345,49.7,277.2,36.864,277.202317,7.577,1514,277.2
48.182146,11.614345,49.7,277.3,5.368,277.300453,4.292,671,277.3
48.182146,11.614345,49.7,277.4,12.112,277.395779,21.692,570,277.4
48.182145,11.614345,49.7,277.5,23.456,277.50143,6.457,1514,277.5
48.182146,11.614345,49.7,277.6,5.704,277.60093,19.4,713,277.6
48.182146,11.614345,49.7,277.7,40.416,277.701759,10.07,529,277.7
48.182146,11.614345,49.7,277.8,0,277.798886,13.47,534,277.8
48.182146,11.614345,49.7,277.9,0,277.899618,23.461,695,277.9
48.182146,11.614345,49.7,278,0,277.999603,4.566,557,278
48.182146,11.614345,49.7,278.1,8.8,278.099994,0.577,79,278.1
48.182146,11.614345,49.7,278.2,40.416,278.201063,30.335,1514,278.2
48.182146,11.614345,49.7,278.3,7.632,278.301687,11.224,870,278.3
48.182146,11.614345,49.7,278.4,4.552,278.40313,30.402,569,278.4
48.182146,11.614345,49.7,278.5,0,278.49777,0.057,1514,278.5
48.182146,11.614345,49.7,278.6,10.016,278.599989,30.954,1514,278.6
48.182146,11.614345,49.7,278.7,0,278.715268,49.706,1514,278.7
48.182146,11.614345,49.7,278.8,0,278.788006,0.02,1514,278.8
48.182146,11.614345,49.7,278.9,0,278.889301,0.355,803,278.9
48.182146,11.614345,49.7,279,0,278.998743,1.976,1514,279
48.182146,11.614345,49.7,279.1,0,279.097531,1.742,1514,279.1
48.182146,11.614345,49.8,279.2,24.224,279.199871,1.542,1078,279.2
48.182146,11.614345,49.8,279.3,0,279.293991,4.545,1295,279.3
48.182146,11.614345,49.8,279.4,6.44,279.400014,0.919,91,279.4
48.182146,11.614345,49.8,279.5,0,279.498887,24.566,1248,279.5
48.182146,11.614345,49.8,279.6,0,279.58999,21.435,1514,279.6
48.182147,11.614345,49.8,279.7,0,279.698448,29.82,1514,279.7
48.182147,11.614345,49.7,279.8,0,279.783148,19.689,1255,279.8
48.182147,11.614345,49.7,279.9,12.112,279.904574,11.217,1514,279.9
